/*
Navicat MySQL Data Transfer

Source Server         : root
Source Server Version : 50720
Source Host           : localhost:3306
Source Database       : mrbird

Target Server Type    : MYSQL
Target Server Version : 50720
File Encoding         : 65001

Date: 2018-10-20 10:17:23
*/

SET FOREIGN_KEY_CHECKS=0;

-- ----------------------------
-- Table structure for qrtz_blob_triggers
-- ----------------------------
DROP TABLE IF EXISTS `qrtz_blob_triggers`;
CREATE TABLE `qrtz_blob_triggers` (
  `SCHED_NAME` varchar(120) NOT NULL,
  `TRIGGER_NAME` varchar(200) NOT NULL,
  `TRIGGER_GROUP` varchar(200) NOT NULL,
  `BLOB_DATA` blob,
  PRIMARY KEY (`SCHED_NAME`,`TRIGGER_NAME`,`TRIGGER_GROUP`),
  CONSTRAINT `qrtz_blob_triggers_ibfk_1` FOREIGN KEY (`SCHED_NAME`, `TRIGGER_NAME`, `TRIGGER_GROUP`) REFERENCES `qrtz_triggers` (`SCHED_NAME`, `TRIGGER_NAME`, `TRIGGER_GROUP`)
) ENGINE=InnoDB DEFAULT CHARSET=utf8;

-- ----------------------------
-- Records of qrtz_blob_triggers
-- ----------------------------

-- ----------------------------
-- Table structure for qrtz_calendars
-- ----------------------------
DROP TABLE IF EXISTS `qrtz_calendars`;
CREATE TABLE `qrtz_calendars` (
  `SCHED_NAME` varchar(120) NOT NULL,
  `CALENDAR_NAME` varchar(200) NOT NULL,
  `CALENDAR` blob NOT NULL,
  PRIMARY KEY (`SCHED_NAME`,`CALENDAR_NAME`)
) ENGINE=InnoDB DEFAULT CHARSET=utf8;

-- ----------------------------
-- Records of qrtz_calendars
-- ----------------------------

-- ----------------------------
-- Table structure for qrtz_cron_triggers
-- ----------------------------
DROP TABLE IF EXISTS `qrtz_cron_triggers`;
CREATE TABLE `qrtz_cron_triggers` (
  `SCHED_NAME` varchar(120) NOT NULL,
  `TRIGGER_NAME` varchar(200) NOT NULL,
  `TRIGGER_GROUP` varchar(200) NOT NULL,
  `CRON_EXPRESSION` varchar(200) NOT NULL,
  `TIME_ZONE_ID` varchar(80) DEFAULT NULL,
  PRIMARY KEY (`SCHED_NAME`,`TRIGGER_NAME`,`TRIGGER_GROUP`),
  CONSTRAINT `qrtz_cron_triggers_ibfk_1` FOREIGN KEY (`SCHED_NAME`, `TRIGGER_NAME`, `TRIGGER_GROUP`) REFERENCES `qrtz_triggers` (`SCHED_NAME`, `TRIGGER_NAME`, `TRIGGER_GROUP`)
) ENGINE=InnoDB DEFAULT CHARSET=utf8;

-- ----------------------------
-- Records of qrtz_cron_triggers
-- ----------------------------
INSERT INTO `qrtz_cron_triggers` VALUES ('MyScheduler', 'TASK_1', 'DEFAULT', '0/1 * * * * ?', 'Asia/Shanghai');
INSERT INTO `qrtz_cron_triggers` VALUES ('MyScheduler', 'TASK_11', 'DEFAULT', '0/5 * * * * ?', 'Asia/Shanghai');
INSERT INTO `qrtz_cron_triggers` VALUES ('MyScheduler', 'TASK_2', 'DEFAULT', '0/10 * * * * ?', 'Asia/Shanghai');
INSERT INTO `qrtz_cron_triggers` VALUES ('MyScheduler', 'TASK_3', 'DEFAULT', '0/1 * * * * ?', 'Asia/Shanghai');

-- ----------------------------
-- Table structure for qrtz_fired_triggers
-- ----------------------------
DROP TABLE IF EXISTS `qrtz_fired_triggers`;
CREATE TABLE `qrtz_fired_triggers` (
  `SCHED_NAME` varchar(120) NOT NULL,
  `ENTRY_ID` varchar(95) NOT NULL,
  `TRIGGER_NAME` varchar(200) NOT NULL,
  `TRIGGER_GROUP` varchar(200) NOT NULL,
  `INSTANCE_NAME` varchar(200) NOT NULL,
  `FIRED_TIME` bigint(13) NOT NULL,
  `SCHED_TIME` bigint(13) NOT NULL,
  `PRIORITY` int(11) NOT NULL,
  `STATE` varchar(16) NOT NULL,
  `JOB_NAME` varchar(200) DEFAULT NULL,
  `JOB_GROUP` varchar(200) DEFAULT NULL,
  `IS_NONCONCURRENT` varchar(1) DEFAULT NULL,
  `REQUESTS_RECOVERY` varchar(1) DEFAULT NULL,
  PRIMARY KEY (`SCHED_NAME`,`ENTRY_ID`)
) ENGINE=InnoDB DEFAULT CHARSET=utf8;

-- ----------------------------
-- Records of qrtz_fired_triggers
-- ----------------------------

-- ----------------------------
-- Table structure for qrtz_job_details
-- ----------------------------
DROP TABLE IF EXISTS `qrtz_job_details`;
CREATE TABLE `qrtz_job_details` (
  `SCHED_NAME` varchar(120) NOT NULL,
  `JOB_NAME` varchar(200) NOT NULL,
  `JOB_GROUP` varchar(200) NOT NULL,
  `DESCRIPTION` varchar(250) DEFAULT NULL,
  `JOB_CLASS_NAME` varchar(250) NOT NULL,
  `IS_DURABLE` varchar(1) NOT NULL,
  `IS_NONCONCURRENT` varchar(1) NOT NULL,
  `IS_UPDATE_DATA` varchar(1) NOT NULL,
  `REQUESTS_RECOVERY` varchar(1) NOT NULL,
  `JOB_DATA` blob,
  PRIMARY KEY (`SCHED_NAME`,`JOB_NAME`,`JOB_GROUP`)
) ENGINE=InnoDB DEFAULT CHARSET=utf8;

-- ----------------------------
-- Records of qrtz_job_details
-- ----------------------------
INSERT INTO `qrtz_job_details` VALUES ('MyScheduler', 'TASK_1', 'DEFAULT', null, 'cc.mrbird.job.util.ScheduleJob', '0', '0', '0', '0', 0xACED0005737200156F72672E71756172747A2E4A6F62446174614D61709FB083E8BFA9B0CB020000787200266F72672E71756172747A2E7574696C732E537472696E674B65794469727479466C61674D61708208E8C3FBC55D280200015A0013616C6C6F77735472616E7369656E74446174617872001D6F72672E71756172747A2E7574696C732E4469727479466C61674D617013E62EAD28760ACE0200025A000564697274794C00036D617074000F4C6A6176612F7574696C2F4D61703B787001737200116A6176612E7574696C2E486173684D61700507DAC1C31660D103000246000A6C6F6164466163746F724900097468726573686F6C6478703F4000000000000C7708000000100000000174000D4A4F425F504152414D5F4B45597372001863632E6D72626972642E6A6F622E646F6D61696E2E4A6F62058D52AC1093A3040200084C00086265616E4E616D657400124C6A6176612F6C616E672F537472696E673B4C000A63726561746554696D657400104C6A6176612F7574696C2F446174653B4C000E63726F6E45787072657373696F6E71007E00094C00056A6F6249647400104C6A6176612F6C616E672F4C6F6E673B4C000A6D6574686F644E616D6571007E00094C0006706172616D7371007E00094C000672656D61726B71007E00094C000673746174757371007E00097870740008746573745461736B7372000E6A6176612E7574696C2E44617465686A81014B5974190300007870770800000161C6EB70707874000D302F31202A202A202A202A203F7372000E6A6176612E6C616E672E4C6F6E673B8BE490CC8F23DF0200014A000576616C7565787200106A6176612E6C616E672E4E756D62657286AC951D0B94E08B02000078700000000000000001740004746573747400066D7262697264740018E69C89E58F82E4BBBBE58AA1E8B083E5BAA6E6B58BE8AF95740001317800);
INSERT INTO `qrtz_job_details` VALUES ('MyScheduler', 'TASK_11', 'DEFAULT', null, 'cc.mrbird.job.util.ScheduleJob', '0', '0', '0', '0', 0xACED0005737200156F72672E71756172747A2E4A6F62446174614D61709FB083E8BFA9B0CB020000787200266F72672E71756172747A2E7574696C732E537472696E674B65794469727479466C61674D61708208E8C3FBC55D280200015A0013616C6C6F77735472616E7369656E74446174617872001D6F72672E71756172747A2E7574696C732E4469727479466C61674D617013E62EAD28760ACE0200025A000564697274794C00036D617074000F4C6A6176612F7574696C2F4D61703B787001737200116A6176612E7574696C2E486173684D61700507DAC1C31660D103000246000A6C6F6164466163746F724900097468726573686F6C6478703F4000000000000C7708000000100000000174000D4A4F425F504152414D5F4B45597372001863632E6D72626972642E6A6F622E646F6D61696E2E4A6F62058D52AC1093A3040200084C00086265616E4E616D657400124C6A6176612F6C616E672F537472696E673B4C000A63726561746554696D657400104C6A6176612F7574696C2F446174653B4C000E63726F6E45787072657373696F6E71007E00094C00056A6F6249647400104C6A6176612F6C616E672F4C6F6E673B4C000A6D6574686F644E616D6571007E00094C0006706172616D7371007E00094C000672656D61726B71007E00094C000673746174757371007E00097870740008746573745461736B7372000E6A6176612E7574696C2E44617465686A81014B5974190300007870770800000161D01BAC507874000D302F35202A202A202A202A203F7372000E6A6176612E6C616E672E4C6F6E673B8BE490CC8F23DF0200014A000576616C7565787200106A6176612E6C616E672E4E756D62657286AC951D0B94E08B0200007870000000000000000B74000574657374327074000CE6B58BE8AF95E5BC82E5B8B8740001317800);
INSERT INTO `qrtz_job_details` VALUES ('MyScheduler', 'TASK_2', 'DEFAULT', null, 'cc.mrbird.job.util.ScheduleJob', '0', '0', '0', '0', 0xACED0005737200156F72672E71756172747A2E4A6F62446174614D61709FB083E8BFA9B0CB020000787200266F72672E71756172747A2E7574696C732E537472696E674B65794469727479466C61674D61708208E8C3FBC55D280200015A0013616C6C6F77735472616E7369656E74446174617872001D6F72672E71756172747A2E7574696C732E4469727479466C61674D617013E62EAD28760ACE0200025A000564697274794C00036D617074000F4C6A6176612F7574696C2F4D61703B787001737200116A6176612E7574696C2E486173684D61700507DAC1C31660D103000246000A6C6F6164466163746F724900097468726573686F6C6478703F4000000000000C7708000000100000000174000D4A4F425F504152414D5F4B45597372001863632E6D72626972642E6A6F622E646F6D61696E2E4A6F62058D52AC1093A3040200084C00086265616E4E616D657400124C6A6176612F6C616E672F537472696E673B4C000A63726561746554696D657400104C6A6176612F7574696C2F446174653B4C000E63726F6E45787072657373696F6E71007E00094C00056A6F6249647400104C6A6176612F6C616E672F4C6F6E673B4C000A6D6574686F644E616D6571007E00094C0006706172616D7371007E00094C000672656D61726B71007E00094C000673746174757371007E00097870740008746573745461736B7372000E6A6176612E7574696C2E44617465686A81014B5974190300007870770800000161C71032987874000E302F3130202A202A202A202A203F7372000E6A6176612E6C616E672E4C6F6E673B8BE490CC8F23DF0200014A000576616C7565787200106A6176612E6C616E672E4E756D62657286AC951D0B94E08B02000078700000000000000002740005746573743170740018E697A0E58F82E4BBBBE58AA1E8B083E5BAA6E6B58BE8AF95740001317800);
INSERT INTO `qrtz_job_details` VALUES ('MyScheduler', 'TASK_3', 'DEFAULT', null, 'cc.mrbird.job.util.ScheduleJob', '0', '0', '0', '0', 0xACED0005737200156F72672E71756172747A2E4A6F62446174614D61709FB083E8BFA9B0CB020000787200266F72672E71756172747A2E7574696C732E537472696E674B65794469727479466C61674D61708208E8C3FBC55D280200015A0013616C6C6F77735472616E7369656E74446174617872001D6F72672E71756172747A2E7574696C732E4469727479466C61674D617013E62EAD28760ACE0200025A000564697274794C00036D617074000F4C6A6176612F7574696C2F4D61703B787001737200116A6176612E7574696C2E486173684D61700507DAC1C31660D103000246000A6C6F6164466163746F724900097468726573686F6C6478703F4000000000000C7708000000100000000174000D4A4F425F504152414D5F4B45597372001863632E6D72626972642E6A6F622E646F6D61696E2E4A6F62058D52AC1093A3040200084C00086265616E4E616D657400124C6A6176612F6C616E672F537472696E673B4C000A63726561746554696D657400104C6A6176612F7574696C2F446174653B4C000E63726F6E45787072657373696F6E71007E00094C00056A6F6249647400104C6A6176612F6C616E672F4C6F6E673B4C000A6D6574686F644E616D6571007E00094C0006706172616D7371007E00094C000672656D61726B71007E00094C000673746174757371007E00097870740008746573745461736B7372000E6A6176612E7574696C2E44617465686A81014B5974190300007870770800000161CFB9A6907874000D302F31202A202A202A202A203F7372000E6A6176612E6C616E672E4C6F6E673B8BE490CC8F23DF0200014A000576616C7565787200106A6176612E6C616E672E4E756D62657286AC951D0B94E08B020000787000000000000000037400047465737474000B68656C6C6F20776F726C6474002BE69C89E58F82E4BBBBE58AA1E8B083E5BAA6E6B58BE8AF952CE6AF8FE99A94E4B880E7A792E8A7A6E58F91740001317800);

-- ----------------------------
-- Table structure for qrtz_locks
-- ----------------------------
DROP TABLE IF EXISTS `qrtz_locks`;
CREATE TABLE `qrtz_locks` (
  `SCHED_NAME` varchar(120) NOT NULL,
  `LOCK_NAME` varchar(40) NOT NULL,
  PRIMARY KEY (`SCHED_NAME`,`LOCK_NAME`)
) ENGINE=InnoDB DEFAULT CHARSET=utf8;

-- ----------------------------
-- Records of qrtz_locks
-- ----------------------------
INSERT INTO `qrtz_locks` VALUES ('MyScheduler', 'STATE_ACCESS');
INSERT INTO `qrtz_locks` VALUES ('MyScheduler', 'TRIGGER_ACCESS');

-- ----------------------------
-- Table structure for qrtz_paused_trigger_grps
-- ----------------------------
DROP TABLE IF EXISTS `qrtz_paused_trigger_grps`;
CREATE TABLE `qrtz_paused_trigger_grps` (
  `SCHED_NAME` varchar(120) NOT NULL,
  `TRIGGER_GROUP` varchar(200) NOT NULL,
  PRIMARY KEY (`SCHED_NAME`,`TRIGGER_GROUP`)
) ENGINE=InnoDB DEFAULT CHARSET=utf8;

-- ----------------------------
-- Records of qrtz_paused_trigger_grps
-- ----------------------------

-- ----------------------------
-- Table structure for qrtz_scheduler_state
-- ----------------------------
DROP TABLE IF EXISTS `qrtz_scheduler_state`;
CREATE TABLE `qrtz_scheduler_state` (
  `SCHED_NAME` varchar(120) NOT NULL,
  `INSTANCE_NAME` varchar(200) NOT NULL,
  `LAST_CHECKIN_TIME` bigint(13) NOT NULL,
  `CHECKIN_INTERVAL` bigint(13) NOT NULL,
  PRIMARY KEY (`SCHED_NAME`,`INSTANCE_NAME`)
) ENGINE=InnoDB DEFAULT CHARSET=utf8;

-- ----------------------------
-- Records of qrtz_scheduler_state
-- ----------------------------
INSERT INTO `qrtz_scheduler_state` VALUES ('MyScheduler', 'DESKTOP-RNDOIBC1539945990369', '1539947571097', '15000');

-- ----------------------------
-- Table structure for qrtz_simple_triggers
-- ----------------------------
DROP TABLE IF EXISTS `qrtz_simple_triggers`;
CREATE TABLE `qrtz_simple_triggers` (
  `SCHED_NAME` varchar(120) NOT NULL,
  `TRIGGER_NAME` varchar(200) NOT NULL,
  `TRIGGER_GROUP` varchar(200) NOT NULL,
  `REPEAT_COUNT` bigint(7) NOT NULL,
  `REPEAT_INTERVAL` bigint(12) NOT NULL,
  `TIMES_TRIGGERED` bigint(10) NOT NULL,
  PRIMARY KEY (`SCHED_NAME`,`TRIGGER_NAME`,`TRIGGER_GROUP`),
  CONSTRAINT `qrtz_simple_triggers_ibfk_1` FOREIGN KEY (`SCHED_NAME`, `TRIGGER_NAME`, `TRIGGER_GROUP`) REFERENCES `qrtz_triggers` (`SCHED_NAME`, `TRIGGER_NAME`, `TRIGGER_GROUP`)
) ENGINE=InnoDB DEFAULT CHARSET=utf8;

-- ----------------------------
-- Records of qrtz_simple_triggers
-- ----------------------------

-- ----------------------------
-- Table structure for qrtz_simprop_triggers
-- ----------------------------
DROP TABLE IF EXISTS `qrtz_simprop_triggers`;
CREATE TABLE `qrtz_simprop_triggers` (
  `SCHED_NAME` varchar(120) NOT NULL,
  `TRIGGER_NAME` varchar(200) NOT NULL,
  `TRIGGER_GROUP` varchar(200) NOT NULL,
  `STR_PROP_1` varchar(512) DEFAULT NULL,
  `STR_PROP_2` varchar(512) DEFAULT NULL,
  `STR_PROP_3` varchar(512) DEFAULT NULL,
  `INT_PROP_1` int(11) DEFAULT NULL,
  `INT_PROP_2` int(11) DEFAULT NULL,
  `LONG_PROP_1` bigint(20) DEFAULT NULL,
  `LONG_PROP_2` bigint(20) DEFAULT NULL,
  `DEC_PROP_1` decimal(13,4) DEFAULT NULL,
  `DEC_PROP_2` decimal(13,4) DEFAULT NULL,
  `BOOL_PROP_1` varchar(1) DEFAULT NULL,
  `BOOL_PROP_2` varchar(1) DEFAULT NULL,
  PRIMARY KEY (`SCHED_NAME`,`TRIGGER_NAME`,`TRIGGER_GROUP`),
  CONSTRAINT `qrtz_simprop_triggers_ibfk_1` FOREIGN KEY (`SCHED_NAME`, `TRIGGER_NAME`, `TRIGGER_GROUP`) REFERENCES `qrtz_triggers` (`SCHED_NAME`, `TRIGGER_NAME`, `TRIGGER_GROUP`)
) ENGINE=InnoDB DEFAULT CHARSET=utf8;

-- ----------------------------
-- Records of qrtz_simprop_triggers
-- ----------------------------

-- ----------------------------
-- Table structure for qrtz_triggers
-- ----------------------------
DROP TABLE IF EXISTS `qrtz_triggers`;
CREATE TABLE `qrtz_triggers` (
  `SCHED_NAME` varchar(120) NOT NULL,
  `TRIGGER_NAME` varchar(200) NOT NULL,
  `TRIGGER_GROUP` varchar(200) NOT NULL,
  `JOB_NAME` varchar(200) NOT NULL,
  `JOB_GROUP` varchar(200) NOT NULL,
  `DESCRIPTION` varchar(250) DEFAULT NULL,
  `NEXT_FIRE_TIME` bigint(13) DEFAULT NULL,
  `PREV_FIRE_TIME` bigint(13) DEFAULT NULL,
  `PRIORITY` int(11) DEFAULT NULL,
  `TRIGGER_STATE` varchar(16) NOT NULL,
  `TRIGGER_TYPE` varchar(8) NOT NULL,
  `START_TIME` bigint(13) NOT NULL,
  `END_TIME` bigint(13) DEFAULT NULL,
  `CALENDAR_NAME` varchar(200) DEFAULT NULL,
  `MISFIRE_INSTR` smallint(2) DEFAULT NULL,
  `JOB_DATA` blob,
  PRIMARY KEY (`SCHED_NAME`,`TRIGGER_NAME`,`TRIGGER_GROUP`),
  KEY `SCHED_NAME` (`SCHED_NAME`,`JOB_NAME`,`JOB_GROUP`),
  CONSTRAINT `qrtz_triggers_ibfk_1` FOREIGN KEY (`SCHED_NAME`, `JOB_NAME`, `JOB_GROUP`) REFERENCES `qrtz_job_details` (`SCHED_NAME`, `JOB_NAME`, `JOB_GROUP`)
) ENGINE=InnoDB DEFAULT CHARSET=utf8;

-- ----------------------------
-- Records of qrtz_triggers
-- ----------------------------
INSERT INTO `qrtz_triggers` VALUES ('MyScheduler', 'TASK_1', 'DEFAULT', 'TASK_1', 'DEFAULT', null, '1539856960000', '-1', '5', 'PAUSED', 'CRON', '1539856960000', '0', null, '2', 0xACED0005737200156F72672E71756172747A2E4A6F62446174614D61709FB083E8BFA9B0CB020000787200266F72672E71756172747A2E7574696C732E537472696E674B65794469727479466C61674D61708208E8C3FBC55D280200015A0013616C6C6F77735472616E7369656E74446174617872001D6F72672E71756172747A2E7574696C732E4469727479466C61674D617013E62EAD28760ACE0200025A000564697274794C00036D617074000F4C6A6176612F7574696C2F4D61703B787001737200116A6176612E7574696C2E486173684D61700507DAC1C31660D103000246000A6C6F6164466163746F724900097468726573686F6C6478703F4000000000000C7708000000100000000174000D4A4F425F504152414D5F4B45597372001863632E6D72626972642E6A6F622E646F6D61696E2E4A6F62058D52AC1093A3040200084C00086265616E4E616D657400124C6A6176612F6C616E672F537472696E673B4C000A63726561746554696D657400104C6A6176612F7574696C2F446174653B4C000E63726F6E45787072657373696F6E71007E00094C00056A6F6249647400104C6A6176612F6C616E672F4C6F6E673B4C000A6D6574686F644E616D6571007E00094C0006706172616D7371007E00094C000672656D61726B71007E00094C000673746174757371007E00097870740008746573745461736B7372000E6A6176612E7574696C2E44617465686A81014B5974190300007870770800000161C6EB70707874000D302F31202A202A202A202A203F7372000E6A6176612E6C616E672E4C6F6E673B8BE490CC8F23DF0200014A000576616C7565787200106A6176612E6C616E672E4E756D62657286AC951D0B94E08B02000078700000000000000001740004746573747400066D7262697264740018E69C89E58F82E4BBBBE58AA1E8B083E5BAA6E6B58BE8AF95740001317800);
INSERT INTO `qrtz_triggers` VALUES ('MyScheduler', 'TASK_11', 'DEFAULT', 'TASK_11', 'DEFAULT', null, '1539856960000', '-1', '5', 'PAUSED', 'CRON', '1539856960000', '0', null, '2', 0xACED0005737200156F72672E71756172747A2E4A6F62446174614D61709FB083E8BFA9B0CB020000787200266F72672E71756172747A2E7574696C732E537472696E674B65794469727479466C61674D61708208E8C3FBC55D280200015A0013616C6C6F77735472616E7369656E74446174617872001D6F72672E71756172747A2E7574696C732E4469727479466C61674D617013E62EAD28760ACE0200025A000564697274794C00036D617074000F4C6A6176612F7574696C2F4D61703B787001737200116A6176612E7574696C2E486173684D61700507DAC1C31660D103000246000A6C6F6164466163746F724900097468726573686F6C6478703F4000000000000C7708000000100000000174000D4A4F425F504152414D5F4B45597372001863632E6D72626972642E6A6F622E646F6D61696E2E4A6F62058D52AC1093A3040200084C00086265616E4E616D657400124C6A6176612F6C616E672F537472696E673B4C000A63726561746554696D657400104C6A6176612F7574696C2F446174653B4C000E63726F6E45787072657373696F6E71007E00094C00056A6F6249647400104C6A6176612F6C616E672F4C6F6E673B4C000A6D6574686F644E616D6571007E00094C0006706172616D7371007E00094C000672656D61726B71007E00094C000673746174757371007E00097870740008746573745461736B7372000E6A6176612E7574696C2E44617465686A81014B5974190300007870770800000161D01BAC507874000D302F35202A202A202A202A203F7372000E6A6176612E6C616E672E4C6F6E673B8BE490CC8F23DF0200014A000576616C7565787200106A6176612E6C616E672E4E756D62657286AC951D0B94E08B0200007870000000000000000B74000574657374327074000CE6B58BE8AF95E5BC82E5B8B8740001317800);
INSERT INTO `qrtz_triggers` VALUES ('MyScheduler', 'TASK_2', 'DEFAULT', 'TASK_2', 'DEFAULT', null, '1539856960000', '-1', '5', 'PAUSED', 'CRON', '1539856960000', '0', null, '2', 0xACED0005737200156F72672E71756172747A2E4A6F62446174614D61709FB083E8BFA9B0CB020000787200266F72672E71756172747A2E7574696C732E537472696E674B65794469727479466C61674D61708208E8C3FBC55D280200015A0013616C6C6F77735472616E7369656E74446174617872001D6F72672E71756172747A2E7574696C732E4469727479466C61674D617013E62EAD28760ACE0200025A000564697274794C00036D617074000F4C6A6176612F7574696C2F4D61703B787001737200116A6176612E7574696C2E486173684D61700507DAC1C31660D103000246000A6C6F6164466163746F724900097468726573686F6C6478703F4000000000000C7708000000100000000174000D4A4F425F504152414D5F4B45597372001863632E6D72626972642E6A6F622E646F6D61696E2E4A6F62058D52AC1093A3040200084C00086265616E4E616D657400124C6A6176612F6C616E672F537472696E673B4C000A63726561746554696D657400104C6A6176612F7574696C2F446174653B4C000E63726F6E45787072657373696F6E71007E00094C00056A6F6249647400104C6A6176612F6C616E672F4C6F6E673B4C000A6D6574686F644E616D6571007E00094C0006706172616D7371007E00094C000672656D61726B71007E00094C000673746174757371007E00097870740008746573745461736B7372000E6A6176612E7574696C2E44617465686A81014B5974190300007870770800000161C71032987874000E302F3130202A202A202A202A203F7372000E6A6176612E6C616E672E4C6F6E673B8BE490CC8F23DF0200014A000576616C7565787200106A6176612E6C616E672E4E756D62657286AC951D0B94E08B02000078700000000000000002740005746573743170740018E697A0E58F82E4BBBBE58AA1E8B083E5BAA6E6B58BE8AF95740001317800);
INSERT INTO `qrtz_triggers` VALUES ('MyScheduler', 'TASK_3', 'DEFAULT', 'TASK_3', 'DEFAULT', null, '1539856960000', '-1', '5', 'PAUSED', 'CRON', '1539856960000', '0', null, '2', 0xACED0005737200156F72672E71756172747A2E4A6F62446174614D61709FB083E8BFA9B0CB020000787200266F72672E71756172747A2E7574696C732E537472696E674B65794469727479466C61674D61708208E8C3FBC55D280200015A0013616C6C6F77735472616E7369656E74446174617872001D6F72672E71756172747A2E7574696C732E4469727479466C61674D617013E62EAD28760ACE0200025A000564697274794C00036D617074000F4C6A6176612F7574696C2F4D61703B787001737200116A6176612E7574696C2E486173684D61700507DAC1C31660D103000246000A6C6F6164466163746F724900097468726573686F6C6478703F4000000000000C7708000000100000000174000D4A4F425F504152414D5F4B45597372001863632E6D72626972642E6A6F622E646F6D61696E2E4A6F62058D52AC1093A3040200084C00086265616E4E616D657400124C6A6176612F6C616E672F537472696E673B4C000A63726561746554696D657400104C6A6176612F7574696C2F446174653B4C000E63726F6E45787072657373696F6E71007E00094C00056A6F6249647400104C6A6176612F6C616E672F4C6F6E673B4C000A6D6574686F644E616D6571007E00094C0006706172616D7371007E00094C000672656D61726B71007E00094C000673746174757371007E00097870740008746573745461736B7372000E6A6176612E7574696C2E44617465686A81014B5974190300007870770800000161CFB9A6907874000D302F31202A202A202A202A203F7372000E6A6176612E6C616E672E4C6F6E673B8BE490CC8F23DF0200014A000576616C7565787200106A6176612E6C616E672E4E756D62657286AC951D0B94E08B020000787000000000000000037400047465737474000B68656C6C6F20776F726C6474002BE69C89E58F82E4BBBBE58AA1E8B083E5BAA6E6B58BE8AF952CE6AF8FE99A94E4B880E7A792E8A7A6E58F91740001317800);

-- ----------------------------
-- Table structure for t_dept
-- ----------------------------
DROP TABLE IF EXISTS `t_dept`;
CREATE TABLE `t_dept` (
  `DEPT_ID` bigint(20) NOT NULL AUTO_INCREMENT COMMENT '部门ID',
  `PARENT_ID` bigint(20) NOT NULL COMMENT '上级部门ID',
  `DEPT_NAME` varchar(100) NOT NULL COMMENT '部门名称',
  `ORDER_NUM` bigint(20) DEFAULT NULL COMMENT '排序',
  `CREATE_TIME` datetime DEFAULT NULL COMMENT '创建时间',
  PRIMARY KEY (`DEPT_ID`)
) ENGINE=InnoDB AUTO_INCREMENT=7 DEFAULT CHARSET=utf8;

-- ----------------------------
-- Records of t_dept
-- ----------------------------
INSERT INTO `t_dept` VALUES ('1', '0', '开发部', null, '2018-01-04 15:42:26');
INSERT INTO `t_dept` VALUES ('2', '1', '开发一部', null, '2018-01-04 15:42:34');
INSERT INTO `t_dept` VALUES ('3', '1', '开发二部', null, '2018-01-04 15:42:29');
INSERT INTO `t_dept` VALUES ('4', '0', '市场部', null, '2018-01-04 15:42:36');
INSERT INTO `t_dept` VALUES ('5', '0', '人事部', null, '2018-01-04 15:42:32');
INSERT INTO `t_dept` VALUES ('6', '0', '测试部', null, '2018-01-04 15:42:38');

-- ----------------------------
-- Table structure for t_dict
-- ----------------------------
DROP TABLE IF EXISTS `t_dict`;
CREATE TABLE `t_dict` (
  `DICT_ID` bigint(20) NOT NULL AUTO_INCREMENT COMMENT '字典ID',
  `KEYY` bigint(20) NOT NULL COMMENT '键',
  `VALUEE` varchar(100) NOT NULL COMMENT '值',
  `FIELD_NAME` varchar(100) NOT NULL COMMENT '字段名称',
  `TABLE_NAME` varchar(100) NOT NULL COMMENT '表名',
  PRIMARY KEY (`DICT_ID`)
) ENGINE=InnoDB AUTO_INCREMENT=34 DEFAULT CHARSET=utf8;

-- ----------------------------
-- Records of t_dict
-- ----------------------------
INSERT INTO `t_dict` VALUES ('1', '0', '男', 'ssex', 't_user');
INSERT INTO `t_dict` VALUES ('2', '1', '女', 'ssex', 't_user');
INSERT INTO `t_dict` VALUES ('3', '2', '保密', 'ssex', 't_user');
INSERT INTO `t_dict` VALUES ('4', '1', '有效', 'status', 't_user');
INSERT INTO `t_dict` VALUES ('5', '0', '锁定', 'status', 't_user');
INSERT INTO `t_dict` VALUES ('6', '0', '菜单', 'type', 't_menu');
INSERT INTO `t_dict` VALUES ('7', '1', '按钮', 'type', 't_menu');
INSERT INTO `t_dict` VALUES ('30', '0', '正常', 'status', 't_job');
INSERT INTO `t_dict` VALUES ('31', '1', '暂停', 'status', 't_job');
INSERT INTO `t_dict` VALUES ('32', '0', '成功', 'status', 't_job_log');
INSERT INTO `t_dict` VALUES ('33', '1', '失败', 'status', 't_job_log');

-- ----------------------------
-- Table structure for t_job
-- ----------------------------
DROP TABLE IF EXISTS `t_job`;
CREATE TABLE `t_job` (
  `JOB_ID` bigint(20) NOT NULL AUTO_INCREMENT COMMENT '任务id',
  `BEAN_NAME` varchar(100) NOT NULL COMMENT 'spring bean名称',
  `METHOD_NAME` varchar(100) NOT NULL COMMENT '方法名',
  `PARAMS` varchar(200) DEFAULT NULL COMMENT '参数',
  `CRON_EXPRESSION` varchar(100) NOT NULL COMMENT 'cron表达式',
  `STATUS` char(2) NOT NULL COMMENT '任务状态  0：正常  1：暂停',
  `REMARK` varchar(200) DEFAULT NULL COMMENT '备注',
  `CREATE_TIME` datetime DEFAULT NULL COMMENT '创建时间',
  PRIMARY KEY (`JOB_ID`)
) ENGINE=InnoDB AUTO_INCREMENT=12 DEFAULT CHARSET=utf8;

-- ----------------------------
-- Records of t_job
-- ----------------------------
INSERT INTO `t_job` VALUES ('1', 'testTask', 'test', 'mrbird', '0/1 * * * * ?', '1', '有参任务调度测试', '2018-02-24 16:26:14');
INSERT INTO `t_job` VALUES ('2', 'testTask', 'test1', null, '0/10 * * * * ?', '1', '无参任务调度测试', '2018-02-24 17:06:23');
INSERT INTO `t_job` VALUES ('3', 'testTask', 'test', 'hello world', '0/1 * * * * ?', '1', '有参任务调度测试,每隔一秒触发', '2018-02-26 09:28:26');
INSERT INTO `t_job` VALUES ('11', 'testTask', 'test2', null, '0/5 * * * * ?', '1', '测试异常', '2018-02-26 11:15:30');

-- ----------------------------
-- Table structure for t_job_log
-- ----------------------------
DROP TABLE IF EXISTS `t_job_log`;
CREATE TABLE `t_job_log` (
  `LOG_ID` bigint(20) NOT NULL AUTO_INCREMENT COMMENT '任务日志id',
  `JOB_ID` bigint(20) NOT NULL COMMENT '任务id',
  `BEAN_NAME` varchar(100) NOT NULL COMMENT 'spring bean名称',
  `METHOD_NAME` varchar(100) NOT NULL COMMENT '方法名',
  `PARAMS` varchar(200) DEFAULT NULL COMMENT '参数',
  `STATUS` char(2) NOT NULL COMMENT '任务状态    0：成功    1：失败',
  `ERROR` text COMMENT '失败信息',
  `TIMES` decimal(11,0) DEFAULT NULL COMMENT '耗时(单位：毫秒)',
  `CREATE_TIME` datetime DEFAULT NULL COMMENT '创建时间',
  PRIMARY KEY (`LOG_ID`)
) ENGINE=InnoDB AUTO_INCREMENT=2476 DEFAULT CHARSET=utf8;

-- ----------------------------
-- Records of t_job_log
-- ----------------------------
INSERT INTO `t_job_log` VALUES ('2448', '3', 'testTask', 'test', 'hello world', '0', null, '0', '2018-03-20 15:31:50');
INSERT INTO `t_job_log` VALUES ('2449', '3', 'testTask', 'test', 'hello world', '0', null, '1', '2018-03-20 15:31:51');
INSERT INTO `t_job_log` VALUES ('2450', '3', 'testTask', 'test', 'hello world', '0', null, '2', '2018-03-20 15:31:52');
INSERT INTO `t_job_log` VALUES ('2451', '3', 'testTask', 'test', 'hello world', '0', null, '0', '2018-03-20 15:31:53');
INSERT INTO `t_job_log` VALUES ('2452', '3', 'testTask', 'test', 'hello world', '0', null, '2', '2018-03-20 15:31:54');
INSERT INTO `t_job_log` VALUES ('2453', '3', 'testTask', 'test', 'hello world', '0', null, '1', '2018-03-20 15:31:55');
INSERT INTO `t_job_log` VALUES ('2454', '3', 'testTask', 'test', 'hello world', '0', null, '0', '2018-03-20 15:31:56');
INSERT INTO `t_job_log` VALUES ('2455', '3', 'testTask', 'test', 'hello world', '0', null, '1', '2018-03-20 15:31:57');
INSERT INTO `t_job_log` VALUES ('2456', '3', 'testTask', 'test', 'hello world', '0', null, '1', '2018-03-20 15:31:59');
INSERT INTO `t_job_log` VALUES ('2457', '3', 'testTask', 'test', 'hello world', '0', null, '1', '2018-03-20 15:31:59');
INSERT INTO `t_job_log` VALUES ('2458', '3', 'testTask', 'test', 'hello world', '0', null, '1', '2018-03-20 15:32:00');
INSERT INTO `t_job_log` VALUES ('2459', '3', 'testTask', 'test', 'hello world', '0', null, '0', '2018-03-20 15:32:01');
INSERT INTO `t_job_log` VALUES ('2460', '3', 'testTask', 'test', 'hello world', '0', null, '5', '2018-03-20 15:32:02');
INSERT INTO `t_job_log` VALUES ('2461', '3', 'testTask', 'test', 'hello world', '0', null, '1', '2018-03-20 15:32:03');
INSERT INTO `t_job_log` VALUES ('2462', '3', 'testTask', 'test', 'hello world', '0', null, '1', '2018-03-20 15:32:04');
INSERT INTO `t_job_log` VALUES ('2463', '3', 'testTask', 'test', 'hello world', '0', null, '1', '2018-03-20 15:32:05');
INSERT INTO `t_job_log` VALUES ('2464', '3', 'testTask', 'test', 'hello world', '0', null, '1', '2018-03-20 15:32:06');
INSERT INTO `t_job_log` VALUES ('2465', '11', 'testTask', 'test2', null, '1', 'java.lang.NoSuchMethodException: cc.mrbird.job.task.TestTask.test2()', '0', '2018-03-20 15:32:26');
INSERT INTO `t_job_log` VALUES ('2466', '2', 'testTask', 'test1', null, '0', null, '1', '2018-04-02 15:26:40');
INSERT INTO `t_job_log` VALUES ('2467', '2', 'testTask', 'test1', null, '0', null, '1', '2018-04-02 15:26:50');
INSERT INTO `t_job_log` VALUES ('2468', '2', 'testTask', 'test1', null, '0', null, '1', '2018-04-02 15:27:20');
INSERT INTO `t_job_log` VALUES ('2469', '2', 'testTask', 'test1', null, '0', null, '3', '2018-04-02 17:29:20');
INSERT INTO `t_job_log` VALUES ('2470', '2', 'testTask', 'test1', null, '0', null, '1', '2018-04-02 17:29:30');
INSERT INTO `t_job_log` VALUES ('2471', '2', 'testTask', 'test1', null, '0', null, '1', '2018-04-02 17:29:40');
INSERT INTO `t_job_log` VALUES ('2472', '2', 'testTask', 'test1', null, '0', null, '14', '2018-04-02 17:29:50');
INSERT INTO `t_job_log` VALUES ('2473', '2', 'testTask', 'test1', null, '0', null, '1', '2018-04-02 17:30:00');
INSERT INTO `t_job_log` VALUES ('2474', '2', 'testTask', 'test1', null, '0', null, '0', '2018-04-02 17:30:10');
INSERT INTO `t_job_log` VALUES ('2475', '2', 'testTask', 'test1', null, '0', null, '1', '2018-04-02 17:30:20');

-- ----------------------------
-- Table structure for t_log
-- ----------------------------
DROP TABLE IF EXISTS `t_log`;
CREATE TABLE `t_log` (
  `ID` bigint(20) NOT NULL AUTO_INCREMENT COMMENT '日志ID',
  `USERNAME` varchar(50) DEFAULT NULL COMMENT '操作用户',
  `OPERATION` text COMMENT '操作内容',
  `TIME` decimal(11,0) DEFAULT NULL COMMENT '耗时',
  `METHOD` text COMMENT '操作方法',
  `PARAMS` text COMMENT '方法参数',
  `IP` varchar(64) DEFAULT NULL COMMENT '操作者IP',
  `CREATE_TIME` datetime DEFAULT NULL COMMENT '创建时间',
  `location` varchar(50) DEFAULT NULL COMMENT '操作地点',
  PRIMARY KEY (`ID`)
) ENGINE=InnoDB AUTO_INCREMENT=1043 DEFAULT CHARSET=utf8;

-- ----------------------------
-- Records of t_log
-- ----------------------------
INSERT INTO `t_log` VALUES ('730', 'MrBird', '恢复任务', '55', 'cc.mrbird.job.controller.JobController.resumeJob()', 'jobIds: 3', '127.0.0.1', '2018-03-19 10:07:32', null);
INSERT INTO `t_log` VALUES ('731', 'MrBird', '执行任务', '40', 'cc.mrbird.job.controller.JobController.runJob()', 'jobIds: 3', '127.0.0.1', '2018-03-19 10:07:36', null);
INSERT INTO `t_log` VALUES ('733', 'MrBird', '暂停任务', '10', 'cc.mrbird.job.controller.JobController.pauseJob()', 'jobIds: 3', '127.0.0.1', '2018-03-19 10:07:53', null);
INSERT INTO `t_log` VALUES ('734', 'MrBird', '恢复任务', '17', 'cc.mrbird.job.controller.JobController.resumeJob()', 'jobIds: 1', '127.0.0.1', '2018-03-19 10:08:02', null);
INSERT INTO `t_log` VALUES ('735', 'MrBird', '执行任务', '13', 'cc.mrbird.job.controller.JobController.runJob()', 'jobIds: 1', '127.0.0.1', '2018-03-19 10:08:05', null);
INSERT INTO `t_log` VALUES ('737', 'MrBird', '暂停任务', '11', 'cc.mrbird.job.controller.JobController.pauseJob()', 'jobIds: 1', '127.0.0.1', '2018-03-19 10:08:27', null);
INSERT INTO `t_log` VALUES ('738', 'MrBird', '执行任务', '14', 'cc.mrbird.job.controller.JobController.runJob()', 'jobIds: 11', '127.0.0.1', '2018-03-19 10:08:34', null);
INSERT INTO `t_log` VALUES ('840', 'MrBird', '删除用户', '255', 'cc.mrbird.system.controller.UserController.deleteUsers()', 'ids: 165,166', '127.0.0.1', '2018-03-20 18:34:26', null);
INSERT INTO `t_log` VALUES ('841', 'MrBird', '修改用户', '348', 'cc.mrbird.system.controller.UserController.updateUser()', 'user: cc.mrbird.system.domain.User@5adf3b3b  roles: [Ljava.lang.Long;@75a9cd18', '127.0.0.1', '2018-03-21 09:05:12', null);
INSERT INTO `t_log` VALUES ('842', 'MrBird', '删除调度日志', '79', 'cc.mrbird.job.controller.JobLogController.deleteJobLog()', 'ids: 2447', '127.0.0.1', '2018-03-22 18:52:10', 'XX内网IP');
INSERT INTO `t_log` VALUES ('843', 'MrBird', '修改用户', '18805', 'cc.mrbird.system.controller.UserController.updateUser()', 'user: cc.mrbird.system.domain.User@1a6c90df  rolesSelect: [Ljava.lang.Long;@4d9b2e06', '127.0.0.1', '2018-03-27 09:20:05', 'XX内网IP');
INSERT INTO `t_log` VALUES ('844', 'MrBird', '修改用户', '5222', 'cc.mrbird.system.controller.UserController.updateUser()', 'user: cc.mrbird.system.domain.User@655c7201  rolesSelect: [Ljava.lang.Long;@1840d3a4', '127.0.0.1', '2018-03-27 09:20:23', 'XX内网IP');
INSERT INTO `t_log` VALUES ('845', 'MrBird', '修改用户', '6989', 'cc.mrbird.system.controller.UserController.updateUser()', 'user: cc.mrbird.system.domain.User@3691c744  rolesSelect: [Ljava.lang.Long;@1cb15d59', '127.0.0.1', '2018-03-27 09:21:09', 'XX内网IP');
INSERT INTO `t_log` VALUES ('846', 'MrBird', '新增任务', '361', 'cc.mrbird.job.controller.JobController.addJob()', 'job: cc.mrbird.job.domain.Job@41ea2910', '127.0.0.1', '2018-03-27 15:24:30', 'XX内网IP');
INSERT INTO `t_log` VALUES ('847', 'MrBird', '修改任务', '429', 'cc.mrbird.job.controller.JobController.updateJob()', 'job: cc.mrbird.job.domain.Job@7cb0d614', '127.0.0.1', '2018-03-27 15:25:31', 'XX内网IP');
INSERT INTO `t_log` VALUES ('848', 'MrBird', '修改任务', '273', 'cc.mrbird.job.controller.JobController.updateJob()', 'job: cc.mrbird.job.domain.Job@4937e65d', '127.0.0.1', '2018-03-27 17:43:09', 'XX内网IP');
INSERT INTO `t_log` VALUES ('849', 'MrBird', '修改任务', '712', 'cc.mrbird.job.controller.JobController.updateJob()', 'job: cc.mrbird.job.domain.Job@aa7781d', '127.0.0.1', '2018-03-27 17:43:31', 'XX内网IP');
INSERT INTO `t_log` VALUES ('850', 'MrBird', '新增任务', '294', 'cc.mrbird.job.controller.JobController.addJob()', 'job: cc.mrbird.job.domain.Job@5543ec34', '127.0.0.1', '2018-03-28 14:36:44', 'XX内网IP');
INSERT INTO `t_log` VALUES ('851', 'MrBird', '修改任务', '353', 'cc.mrbird.job.controller.JobController.updateJob()', 'job: cc.mrbird.job.domain.Job@3fccec56', '127.0.0.1', '2018-03-28 14:37:06', 'XX内网IP');
INSERT INTO `t_log` VALUES ('852', 'MrBird', '修改任务', '262', 'cc.mrbird.job.controller.JobController.updateJob()', 'job: cc.mrbird.job.domain.Job@2ed43da1', '127.0.0.1', '2018-03-28 14:41:50', 'XX内网IP');
INSERT INTO `t_log` VALUES ('853', 'MrBird', '删除任务', '589', 'cc.mrbird.job.controller.JobController.deleteJob()', 'ids: 18,19', '127.0.0.1', '2018-03-29 10:26:30', 'XX内网IP');
INSERT INTO `t_log` VALUES ('854', 'MrBird', '新增任务', '548', 'cc.mrbird.job.controller.JobController.addJob()', 'job: cc.mrbird.job.domain.Job@b404b16', '127.0.0.1', '2018-03-29 10:27:11', 'XX内网IP');
INSERT INTO `t_log` VALUES ('855', 'MrBird', '修改任务', '442', 'cc.mrbird.job.controller.JobController.updateJob()', 'job: cc.mrbird.job.domain.Job@49f25426', '127.0.0.1', '2018-03-29 10:29:18', 'XX内网IP');
INSERT INTO `t_log` VALUES ('856', 'MrBird', '删除任务', '520', 'cc.mrbird.job.controller.JobController.deleteJob()', 'ids: 20', '127.0.0.1', '2018-03-29 10:41:20', 'XX内网IP');
INSERT INTO `t_log` VALUES ('857', 'MrBird', '修改用户', '449', 'cc.mrbird.system.controller.UserController.updateUser()', 'user: cc.mrbird.system.domain.User@68355f70  rolesSelect: [Ljava.lang.Long;@80ce783', '127.0.0.1', '2018-03-29 16:18:26', 'XX内网IP');
INSERT INTO `t_log` VALUES ('858', 'MrBird', '修改用户', '686', 'cc.mrbird.system.controller.UserController.updateUser()', 'user: cc.mrbird.system.domain.User@784012be  rolesSelect: [Ljava.lang.Long;@368eb59f', '127.0.0.1', '2018-03-29 16:18:37', 'XX内网IP');
INSERT INTO `t_log` VALUES ('859', 'MrBird', '删除用户', '200', 'cc.mrbird.system.controller.UserController.deleteUsers()', 'ids: 41,68,92,125,161,162', '127.0.0.1', '2018-04-02 17:29:50', 'XX内网IP');
INSERT INTO `t_log` VALUES ('860', 'admin', '访问系统', '1', 'cc.mrbird.system.controller.LoginController.index()', 'user: \"User{userId=167, username=\'admin\', password=\'1fedc5a36d03c185065dd2b323886aa5\', deptId=null, deptName=\'null\', email=\'null\', mobile=\'null\', status=\'1\', crateTime=Thu Oct 18 18:32:07 CST 2018, modifyTime=null, lastLoginTime=null, ssex=\'2\', theme=\'green\', avatar=\'default.jpg\', description=\'null\', roleName=\'null\'}\"  org.springframework.validation.BindingResult.user: \"org.springframework.validation.BeanPropertyBindingResult: 0 errors\"', '127.0.0.1', '2018-10-18 18:32:26', '内网IP|0|0|内网IP|内网IP');
INSERT INTO `t_log` VALUES ('861', 'admin', '获取定时任务信息', '2', 'cc.mrbird.job.controller.JobController.index()', '', '127.0.0.1', '2018-10-18 18:32:33', '内网IP|0|0|内网IP|内网IP');
INSERT INTO `t_log` VALUES ('862', 'admin', '获取调度日志信息', '2', 'cc.mrbird.job.controller.JobLogController.index()', '', '127.0.0.1', '2018-10-18 18:32:34', '内网IP|0|0|内网IP|内网IP');
INSERT INTO `t_log` VALUES ('863', 'admin', '获取在线用户信息', '2', 'cc.mrbird.system.controller.SessionController.online()', '', '127.0.0.1', '2018-10-18 18:32:37', '内网IP|0|0|内网IP|内网IP');
INSERT INTO `t_log` VALUES ('864', 'admin', '获取用户信息', '34', 'cc.mrbird.system.controller.UserController.userList()', 'request: \"QueryRequest{pageSize=10, pageNum=1}\"  user: \"User{userId=null, username=\'\', password=\'null\', deptId=null, deptName=\'null\', email=\'null\', mobile=\'null\', status=\'\', crateTime=null, modifyTime=null, lastLoginTime=null, ssex=\'\', theme=\'null\', avatar=\'null\', description=\'null\', roleName=\'null\'}\"', '127.0.0.1', '2018-10-18 18:32:40', '内网IP|0|0|内网IP|内网IP');
INSERT INTO `t_log` VALUES ('865', 'admin', '获取角色信息', '0', 'cc.mrbird.system.controller.RoleController.index()', '', '127.0.0.1', '2018-10-18 18:32:40', '内网IP|0|0|内网IP|内网IP');
INSERT INTO `t_log` VALUES ('866', 'admin', '获取菜单信息', '0', 'cc.mrbird.system.controller.MenuController.index()', '', '127.0.0.1', '2018-10-18 18:32:46', '内网IP|0|0|内网IP|内网IP');
INSERT INTO `t_log` VALUES ('867', 'admin', '获取系统所有URL', '6', 'cc.mrbird.system.controller.MenuController.getAllUrl()', '', '127.0.0.1', '2018-10-18 18:32:46', '内网IP|0|0|内网IP|内网IP');
INSERT INTO `t_log` VALUES ('868', 'admin', '获取部门信息', '0', 'cc.mrbird.system.controller.DeptController.index()', '', '127.0.0.1', '2018-10-18 18:32:46', '内网IP|0|0|内网IP|内网IP');
INSERT INTO `t_log` VALUES ('869', 'admin', '获取字典信息', '2', 'cc.mrbird.system.controller.DictController.index()', '', '127.0.0.1', '2018-10-18 18:32:47', '内网IP|0|0|内网IP|内网IP');
INSERT INTO `t_log` VALUES ('870', 'admin', '获取在线用户信息', '0', 'cc.mrbird.system.controller.SessionController.online()', '', '127.0.0.1', '2018-10-18 18:32:49', '内网IP|0|0|内网IP|内网IP');
INSERT INTO `t_log` VALUES ('871', 'admin', '获取热门电影信息', '3', 'cc.mrbird.web.controller.MovieController.movieHot()', '', '127.0.0.1', '2018-10-18 18:32:50', '内网IP|0|0|内网IP|内网IP');
INSERT INTO `t_log` VALUES ('872', 'admin', '获取One--散文信息', '2', 'cc.mrbird.web.controller.OneIsAllController.essayIndex()', '', '127.0.0.1', '2018-10-18 18:33:03', '内网IP|0|0|内网IP|内网IP');
INSERT INTO `t_log` VALUES ('873', 'admin', '获取One--文章信息', '0', 'cc.mrbird.web.controller.OneIsAllController.yuwenIndex()', '', '127.0.0.1', '2018-10-18 18:33:04', '内网IP|0|0|内网IP|内网IP');
INSERT INTO `t_log` VALUES ('874', 'admin', '获取One--绘画信息', '0', 'cc.mrbird.web.controller.OneIsAllController.paintIndex()', '', '127.0.0.1', '2018-10-18 18:33:05', '内网IP|0|0|内网IP|内网IP');
INSERT INTO `t_log` VALUES ('875', 'admin', '获取定时任务信息', '0', 'cc.mrbird.job.controller.JobController.index()', '', '127.0.0.1', '2018-10-18 18:33:06', '内网IP|0|0|内网IP|内网IP');
INSERT INTO `t_log` VALUES ('876', 'admin', '获取调度日志信息', '0', 'cc.mrbird.job.controller.JobLogController.index()', '', '127.0.0.1', '2018-10-18 18:33:07', '内网IP|0|0|内网IP|内网IP');
INSERT INTO `t_log` VALUES ('877', 'admin', '更换主题', '12', 'cc.mrbird.system.controller.UserController.updateTheme()', 'user: \"User{userId=null, username=\'admin\', password=\'null\', deptId=null, deptName=\'null\', email=\'null\', mobile=\'null\', status=\'1\', crateTime=null, modifyTime=null, lastLoginTime=null, ssex=\'null\', theme=\'blue\', avatar=\'null\', description=\'null\', roleName=\'null\'}\"', '127.0.0.1', '2018-10-18 18:33:12', '内网IP|0|0|内网IP|内网IP');
INSERT INTO `t_log` VALUES ('878', 'admin', '更换主题', '12', 'cc.mrbird.system.controller.UserController.updateTheme()', 'user: \"User{userId=null, username=\'admin\', password=\'null\', deptId=null, deptName=\'null\', email=\'null\', mobile=\'null\', status=\'1\', crateTime=null, modifyTime=null, lastLoginTime=null, ssex=\'null\', theme=\'red\', avatar=\'null\', description=\'null\', roleName=\'null\'}\"', '127.0.0.1', '2018-10-18 18:33:13', '内网IP|0|0|内网IP|内网IP');
INSERT INTO `t_log` VALUES ('879', 'admin', '更换主题', '5', 'cc.mrbird.system.controller.UserController.updateTheme()', 'user: \"User{userId=null, username=\'admin\', password=\'null\', deptId=null, deptName=\'null\', email=\'null\', mobile=\'null\', status=\'1\', crateTime=null, modifyTime=null, lastLoginTime=null, ssex=\'null\', theme=\'orange\', avatar=\'null\', description=\'null\', roleName=\'null\'}\"', '127.0.0.1', '2018-10-18 18:33:14', '内网IP|0|0|内网IP|内网IP');
INSERT INTO `t_log` VALUES ('880', 'admin', '更换主题', '6', 'cc.mrbird.system.controller.UserController.updateTheme()', 'user: \"User{userId=null, username=\'admin\', password=\'null\', deptId=null, deptName=\'null\', email=\'null\', mobile=\'null\', status=\'1\', crateTime=null, modifyTime=null, lastLoginTime=null, ssex=\'null\', theme=\'teal\', avatar=\'null\', description=\'null\', roleName=\'null\'}\"', '127.0.0.1', '2018-10-18 18:33:15', '内网IP|0|0|内网IP|内网IP');
INSERT INTO `t_log` VALUES ('881', 'admin', '更换主题', '12', 'cc.mrbird.system.controller.UserController.updateTheme()', 'user: \"User{userId=null, username=\'admin\', password=\'null\', deptId=null, deptName=\'null\', email=\'null\', mobile=\'null\', status=\'1\', crateTime=null, modifyTime=null, lastLoginTime=null, ssex=\'null\', theme=\'lime\', avatar=\'null\', description=\'null\', roleName=\'null\'}\"', '127.0.0.1', '2018-10-18 18:33:16', '内网IP|0|0|内网IP|内网IP');
INSERT INTO `t_log` VALUES ('882', 'admin', '访问系统', '0', 'cc.mrbird.system.controller.LoginController.index()', 'user: \"User{userId=167, username=\'admin\', password=\'1fedc5a36d03c185065dd2b323886aa5\', deptId=null, deptName=\'null\', email=\'null\', mobile=\'null\', status=\'1\', crateTime=Thu Oct 18 18:32:07 CST 2018, modifyTime=null, lastLoginTime=null, ssex=\'2\', theme=\'green\', avatar=\'default.jpg\', description=\'null\', roleName=\'null\'}\"  org.springframework.validation.BindingResult.user: \"org.springframework.validation.BeanPropertyBindingResult: 0 errors\"', '127.0.0.1', '2018-10-18 18:33:28', '内网IP|0|0|内网IP|内网IP');
INSERT INTO `t_log` VALUES ('883', 'admin', '获取用户信息', '0', 'cc.mrbird.system.controller.UserController.userList()', 'request: \"QueryRequest{pageSize=10, pageNum=1}\"  user: \"User{userId=null, username=\'\', password=\'null\', deptId=null, deptName=\'null\', email=\'null\', mobile=\'null\', status=\'\', crateTime=null, modifyTime=null, lastLoginTime=null, ssex=\'\', theme=\'null\', avatar=\'null\', description=\'null\', roleName=\'null\'}\"', '127.0.0.1', '2018-10-18 18:33:33', '内网IP|0|0|内网IP|内网IP');
INSERT INTO `t_log` VALUES ('884', 'admin', '获取角色信息', '0', 'cc.mrbird.system.controller.RoleController.index()', '', '127.0.0.1', '2018-10-18 18:33:34', '内网IP|0|0|内网IP|内网IP');
INSERT INTO `t_log` VALUES ('885', 'admin', '获取菜单信息', '0', 'cc.mrbird.system.controller.MenuController.index()', '', '127.0.0.1', '2018-10-18 18:33:34', '内网IP|0|0|内网IP|内网IP');
INSERT INTO `t_log` VALUES ('886', 'admin', '获取系统所有URL', '1', 'cc.mrbird.system.controller.MenuController.getAllUrl()', '', '127.0.0.1', '2018-10-18 18:33:34', '内网IP|0|0|内网IP|内网IP');
INSERT INTO `t_log` VALUES ('887', 'admin', '访问系统', '0', 'cc.mrbird.system.controller.LoginController.index()', 'user: \"User{userId=167, username=\'admin\', password=\'1fedc5a36d03c185065dd2b323886aa5\', deptId=null, deptName=\'null\', email=\'null\', mobile=\'null\', status=\'1\', crateTime=Thu Oct 18 18:32:07 CST 2018, modifyTime=null, lastLoginTime=Thu Oct 18 18:32:26 CST 2018, ssex=\'2\', theme=\'green\', avatar=\'20180414165927.jpg\', description=\'null\', roleName=\'null\'}\"  org.springframework.validation.BindingResult.user: \"org.springframework.validation.BeanPropertyBindingResult: 0 errors\"', '127.0.0.1', '2018-10-18 18:33:58', '内网IP|0|0|内网IP|内网IP');
INSERT INTO `t_log` VALUES ('888', 'admin', '获取用户信息', '1', 'cc.mrbird.system.controller.UserController.userList()', 'request: \"QueryRequest{pageSize=10, pageNum=1}\"  user: \"User{userId=null, username=\'\', password=\'null\', deptId=null, deptName=\'null\', email=\'null\', mobile=\'null\', status=\'\', crateTime=null, modifyTime=null, lastLoginTime=null, ssex=\'\', theme=\'null\', avatar=\'null\', description=\'null\', roleName=\'null\'}\"', '127.0.0.1', '2018-10-18 18:34:01', '内网IP|0|0|内网IP|内网IP');
INSERT INTO `t_log` VALUES ('889', 'admin', '获取角色信息', '0', 'cc.mrbird.system.controller.RoleController.index()', '', '127.0.0.1', '2018-10-18 18:34:01', '内网IP|0|0|内网IP|内网IP');
INSERT INTO `t_log` VALUES ('890', 'admin', '获取菜单信息', '0', 'cc.mrbird.system.controller.MenuController.index()', '', '127.0.0.1', '2018-10-18 18:34:02', '内网IP|0|0|内网IP|内网IP');
INSERT INTO `t_log` VALUES ('891', 'admin', '获取系统所有URL', '1', 'cc.mrbird.system.controller.MenuController.getAllUrl()', '', '127.0.0.1', '2018-10-18 18:34:02', '内网IP|0|0|内网IP|内网IP');
INSERT INTO `t_log` VALUES ('892', 'admin', '获取部门信息', '0', 'cc.mrbird.system.controller.DeptController.index()', '', '127.0.0.1', '2018-10-18 18:34:02', '内网IP|0|0|内网IP|内网IP');
INSERT INTO `t_log` VALUES ('893', 'admin', '获取字典信息', '0', 'cc.mrbird.system.controller.DictController.index()', '', '127.0.0.1', '2018-10-18 18:34:02', '内网IP|0|0|内网IP|内网IP');
INSERT INTO `t_log` VALUES ('894', 'admin', '获取在线用户信息', '0', 'cc.mrbird.system.controller.SessionController.online()', '', '127.0.0.1', '2018-10-18 18:34:04', '内网IP|0|0|内网IP|内网IP');
INSERT INTO `t_log` VALUES ('895', 'admin', '获取天气信息', '2', 'cc.mrbird.web.controller.WeatherController.weather()', '', '127.0.0.1', '2018-10-18 18:34:06', '内网IP|0|0|内网IP|内网IP');
INSERT INTO `t_log` VALUES ('896', 'admin', '获取每日一文信息', '2', 'cc.mrbird.web.controller.ArticleController.index()', '', '127.0.0.1', '2018-10-18 18:34:08', '内网IP|0|0|内网IP|内网IP');
INSERT INTO `t_log` VALUES ('897', 'admin', '获取热门电影信息', '0', 'cc.mrbird.web.controller.MovieController.movieHot()', '', '127.0.0.1', '2018-10-18 18:34:11', '内网IP|0|0|内网IP|内网IP');
INSERT INTO `t_log` VALUES ('898', 'admin', '获取即将上映电影信息', '0', 'cc.mrbird.web.controller.MovieController.movieComing()', '', '127.0.0.1', '2018-10-18 18:34:13', '内网IP|0|0|内网IP|内网IP');
INSERT INTO `t_log` VALUES ('899', 'admin', '获取One--文章信息', '0', 'cc.mrbird.web.controller.OneIsAllController.yuwenIndex()', '', '127.0.0.1', '2018-10-18 18:34:27', '内网IP|0|0|内网IP|内网IP');
INSERT INTO `t_log` VALUES ('900', 'admin', '获取One--绘画信息', '0', 'cc.mrbird.web.controller.OneIsAllController.paintIndex()', '', '127.0.0.1', '2018-10-18 18:34:28', '内网IP|0|0|内网IP|内网IP');
INSERT INTO `t_log` VALUES ('901', 'admin', '获取One--散文信息', '0', 'cc.mrbird.web.controller.OneIsAllController.essayIndex()', '', '127.0.0.1', '2018-10-18 18:34:30', '内网IP|0|0|内网IP|内网IP');
INSERT INTO `t_log` VALUES ('902', 'admin', '获取定时任务信息', '1', 'cc.mrbird.job.controller.JobController.index()', '', '127.0.0.1', '2018-10-18 18:34:33', '内网IP|0|0|内网IP|内网IP');
INSERT INTO `t_log` VALUES ('903', 'admin', '获取调度日志信息', '0', 'cc.mrbird.job.controller.JobLogController.index()', '', '127.0.0.1', '2018-10-18 18:34:34', '内网IP|0|0|内网IP|内网IP');
INSERT INTO `t_log` VALUES ('904', 'admin', '更换主题', '6', 'cc.mrbird.system.controller.UserController.updateTheme()', 'user: \"User{userId=null, username=\'admin\', password=\'null\', deptId=null, deptName=\'null\', email=\'null\', mobile=\'null\', status=\'1\', crateTime=null, modifyTime=null, lastLoginTime=null, ssex=\'null\', theme=\'purple\', avatar=\'null\', description=\'null\', roleName=\'null\'}\"', '127.0.0.1', '2018-10-18 18:34:45', '内网IP|0|0|内网IP|内网IP');
INSERT INTO `t_log` VALUES ('905', 'admin', '更换主题', '4', 'cc.mrbird.system.controller.UserController.updateTheme()', 'user: \"User{userId=null, username=\'admin\', password=\'null\', deptId=null, deptName=\'null\', email=\'null\', mobile=\'null\', status=\'1\', crateTime=null, modifyTime=null, lastLoginTime=null, ssex=\'null\', theme=\'lime\', avatar=\'null\', description=\'null\', roleName=\'null\'}\"', '127.0.0.1', '2018-10-18 18:34:47', '内网IP|0|0|内网IP|内网IP');
INSERT INTO `t_log` VALUES ('906', 'admin', '获取菜单信息', '0', 'cc.mrbird.system.controller.MenuController.index()', '', '127.0.0.1', '2018-10-18 18:34:57', '内网IP|0|0|内网IP|内网IP');
INSERT INTO `t_log` VALUES ('907', 'admin', '获取系统所有URL', '1', 'cc.mrbird.system.controller.MenuController.getAllUrl()', '', '127.0.0.1', '2018-10-18 18:34:57', '内网IP|0|0|内网IP|内网IP');
INSERT INTO `t_log` VALUES ('908', 'admin', '获取部门信息', '0', 'cc.mrbird.system.controller.DeptController.index()', '', '127.0.0.1', '2018-10-18 18:34:57', '内网IP|0|0|内网IP|内网IP');
INSERT INTO `t_log` VALUES ('909', 'admin', '获取字典信息', '0', 'cc.mrbird.system.controller.DictController.index()', '', '127.0.0.1', '2018-10-18 18:34:58', '内网IP|0|0|内网IP|内网IP');
INSERT INTO `t_log` VALUES ('910', 'admin', '访问系统', '0', 'cc.mrbird.system.controller.LoginController.index()', 'user: \"User{userId=167, username=\'admin\', password=\'1fedc5a36d03c185065dd2b323886aa5\', deptId=null, deptName=\'null\', email=\'null\', mobile=\'null\', status=\'1\', crateTime=Thu Oct 18 18:32:07 CST 2018, modifyTime=null, lastLoginTime=Thu Oct 18 18:32:26 CST 2018, ssex=\'2\', theme=\'green\', avatar=\'20180414165927.jpg\', description=\'null\', roleName=\'null\'}\"  org.springframework.validation.BindingResult.user: \"org.springframework.validation.BeanPropertyBindingResult: 0 errors\"', '127.0.0.1', '2018-10-18 18:35:02', '内网IP|0|0|内网IP|内网IP');
INSERT INTO `t_log` VALUES ('911', 'admin', '访问系统', '2', 'cc.mrbird.system.controller.LoginController.index()', 'user: \"User{userId=167, username=\'admin\', password=\'1fedc5a36d03c185065dd2b323886aa5\', deptId=5, deptName=\'null\', email=\'\', mobile=\'\', status=\'1\', crateTime=Thu Oct 18 18:32:07 CST 2018, modifyTime=null, lastLoginTime=Thu Oct 18 18:32:26 CST 2018, ssex=\'2\', theme=\'lime\', avatar=\'20180414165855.jpg\', description=\'\', roleName=\'null\'}\"  org.springframework.validation.BindingResult.user: \"org.springframework.validation.BeanPropertyBindingResult: 0 errors\"', '127.0.0.1', '2018-10-19 17:12:26', '内网IP|0|0|内网IP|内网IP');
INSERT INTO `t_log` VALUES ('912', 'admin', '获取菜单信息', '0', 'cc.mrbird.system.controller.MenuController.index()', '', '127.0.0.1', '2018-10-19 17:14:27', '内网IP|0|0|内网IP|内网IP');
INSERT INTO `t_log` VALUES ('913', 'admin', '获取系统所有URL', '21', 'cc.mrbird.system.controller.MenuController.getAllUrl()', '', '127.0.0.1', '2018-10-19 17:14:28', '内网IP|0|0|内网IP|内网IP');
INSERT INTO `t_log` VALUES ('914', 'admin', '访问系统', '0', 'cc.mrbird.system.controller.LoginController.index()', 'user: \"User{userId=167, username=\'admin\', password=\'1fedc5a36d03c185065dd2b323886aa5\', deptId=5, deptName=\'null\', email=\'\', mobile=\'\', status=\'1\', crateTime=Thu Oct 18 18:32:07 CST 2018, modifyTime=null, lastLoginTime=Thu Oct 18 18:32:26 CST 2018, ssex=\'2\', theme=\'lime\', avatar=\'20180414165855.jpg\', description=\'\', roleName=\'null\'}\"  org.springframework.validation.BindingResult.user: \"org.springframework.validation.BeanPropertyBindingResult: 0 errors\"', '127.0.0.1', '2018-10-19 17:16:56', '内网IP|0|0|内网IP|内网IP');
INSERT INTO `t_log` VALUES ('915', 'admin', '访问系统', '0', 'cc.mrbird.system.controller.LoginController.index()', 'user: \"User{userId=167, username=\'admin\', password=\'1fedc5a36d03c185065dd2b323886aa5\', deptId=5, deptName=\'null\', email=\'\', mobile=\'\', status=\'1\', crateTime=Thu Oct 18 18:32:07 CST 2018, modifyTime=null, lastLoginTime=Thu Oct 18 18:32:26 CST 2018, ssex=\'2\', theme=\'lime\', avatar=\'20180414165855.jpg\', description=\'\', roleName=\'null\'}\"  org.springframework.validation.BindingResult.user: \"org.springframework.validation.BeanPropertyBindingResult: 0 errors\"', '127.0.0.1', '2018-10-19 17:17:02', '内网IP|0|0|内网IP|内网IP');
INSERT INTO `t_log` VALUES ('916', 'admin', '获取菜单信息', '0', 'cc.mrbird.system.controller.MenuController.index()', '', '127.0.0.1', '2018-10-19 17:17:04', '内网IP|0|0|内网IP|内网IP');
INSERT INTO `t_log` VALUES ('917', 'admin', '获取系统所有URL', '4', 'cc.mrbird.system.controller.MenuController.getAllUrl()', '', '127.0.0.1', '2018-10-19 17:17:05', '内网IP|0|0|内网IP|内网IP');
INSERT INTO `t_log` VALUES ('918', 'admin', '获取每日一文信息', '2', 'cc.mrbird.web.controller.ArticleController.index()', '', '127.0.0.1', '2018-10-19 17:17:18', '内网IP|0|0|内网IP|内网IP');
INSERT INTO `t_log` VALUES ('919', 'admin', '获取天气信息', '2', 'cc.mrbird.web.controller.WeatherController.weather()', '', '127.0.0.1', '2018-10-19 17:17:19', '内网IP|0|0|内网IP|内网IP');
INSERT INTO `t_log` VALUES ('920', 'admin', '获取每日一文信息', '0', 'cc.mrbird.web.controller.ArticleController.index()', '', '127.0.0.1', '2018-10-19 17:17:21', '内网IP|0|0|内网IP|内网IP');
INSERT INTO `t_log` VALUES ('921', 'admin', '访问系统', '0', 'cc.mrbird.system.controller.LoginController.index()', 'user: \"User{userId=167, username=\'admin\', password=\'1fedc5a36d03c185065dd2b323886aa5\', deptId=5, deptName=\'null\', email=\'\', mobile=\'\', status=\'1\', crateTime=Thu Oct 18 18:32:07 CST 2018, modifyTime=null, lastLoginTime=Fri Oct 19 17:12:26 CST 2018, ssex=\'2\', theme=\'lime\', avatar=\'20180414165855.jpg\', description=\'\', roleName=\'null\'}\"  org.springframework.validation.BindingResult.user: \"org.springframework.validation.BeanPropertyBindingResult: 0 errors\"', '127.0.0.1', '2018-10-19 17:18:40', '内网IP|0|0|内网IP|内网IP');
INSERT INTO `t_log` VALUES ('922', 'admin', '获取菜单信息', '0', 'cc.mrbird.system.controller.MenuController.index()', '', '127.0.0.1', '2018-10-19 17:18:45', '内网IP|0|0|内网IP|内网IP');
INSERT INTO `t_log` VALUES ('923', 'admin', '获取系统所有URL', '2', 'cc.mrbird.system.controller.MenuController.getAllUrl()', '', '127.0.0.1', '2018-10-19 17:18:45', '内网IP|0|0|内网IP|内网IP');
INSERT INTO `t_log` VALUES ('924', 'admin', '获取部门信息', '2', 'cc.mrbird.system.controller.DeptController.index()', '', '127.0.0.1', '2018-10-19 17:18:57', '内网IP|0|0|内网IP|内网IP');
INSERT INTO `t_log` VALUES ('925', 'admin', '获取菜单信息', '0', 'cc.mrbird.system.controller.MenuController.index()', '', '127.0.0.1', '2018-10-19 17:18:59', '内网IP|0|0|内网IP|内网IP');
INSERT INTO `t_log` VALUES ('926', 'admin', '获取系统所有URL', '1', 'cc.mrbird.system.controller.MenuController.getAllUrl()', '', '127.0.0.1', '2018-10-19 17:19:00', '内网IP|0|0|内网IP|内网IP');
INSERT INTO `t_log` VALUES ('927', 'admin', '获取角色信息', '3', 'cc.mrbird.system.controller.RoleController.index()', '', '127.0.0.1', '2018-10-19 17:19:00', '内网IP|0|0|内网IP|内网IP');
INSERT INTO `t_log` VALUES ('928', 'admin', '获取用户信息', '14', 'cc.mrbird.system.controller.UserController.userList()', 'request: \"QueryRequest{pageSize=10, pageNum=1}\"  user: \"User{userId=null, username=\'\', password=\'null\', deptId=null, deptName=\'null\', email=\'null\', mobile=\'null\', status=\'\', crateTime=null, modifyTime=null, lastLoginTime=null, ssex=\'\', theme=\'null\', avatar=\'null\', description=\'null\', roleName=\'null\'}\"', '127.0.0.1', '2018-10-19 17:19:03', '内网IP|0|0|内网IP|内网IP');
INSERT INTO `t_log` VALUES ('929', 'admin', '获取菜单信息', '0', 'cc.mrbird.system.controller.MenuController.index()', '', '127.0.0.1', '2018-10-19 17:19:06', '内网IP|0|0|内网IP|内网IP');
INSERT INTO `t_log` VALUES ('930', 'admin', '获取系统所有URL', '1', 'cc.mrbird.system.controller.MenuController.getAllUrl()', '', '127.0.0.1', '2018-10-19 17:19:06', '内网IP|0|0|内网IP|内网IP');
INSERT INTO `t_log` VALUES ('931', 'admin', '获取在线用户信息', '2', 'cc.mrbird.system.controller.SessionController.online()', '', '127.0.0.1', '2018-10-19 17:20:25', '内网IP|0|0|内网IP|内网IP');
INSERT INTO `t_log` VALUES ('932', 'admin', '获取定时任务信息', '2', 'cc.mrbird.job.controller.JobController.index()', '', '127.0.0.1', '2018-10-19 17:20:39', '内网IP|0|0|内网IP|内网IP');
INSERT INTO `t_log` VALUES ('933', 'admin', '获取调度日志信息', '2', 'cc.mrbird.job.controller.JobLogController.index()', '', '127.0.0.1', '2018-10-19 17:20:40', '内网IP|0|0|内网IP|内网IP');
INSERT INTO `t_log` VALUES ('934', 'admin', '获取定时任务信息', '0', 'cc.mrbird.job.controller.JobController.index()', '', '127.0.0.1', '2018-10-19 17:20:41', '内网IP|0|0|内网IP|内网IP');
INSERT INTO `t_log` VALUES ('935', 'admin', '访问系统', '0', 'cc.mrbird.system.controller.LoginController.index()', 'user: \"User{userId=167, username=\'admin\', password=\'1fedc5a36d03c185065dd2b323886aa5\', deptId=5, deptName=\'null\', email=\'\', mobile=\'\', status=\'1\', crateTime=Thu Oct 18 18:32:07 CST 2018, modifyTime=null, lastLoginTime=Fri Oct 19 17:12:26 CST 2018, ssex=\'2\', theme=\'lime\', avatar=\'20180414165855.jpg\', description=\'\', roleName=\'null\'}\"  org.springframework.validation.BindingResult.user: \"org.springframework.validation.BeanPropertyBindingResult: 0 errors\"', '127.0.0.1', '2018-10-19 17:20:47', '内网IP|0|0|内网IP|内网IP');
INSERT INTO `t_log` VALUES ('936', 'admin', '获取角色信息', '1', 'cc.mrbird.system.controller.RoleController.index()', '', '127.0.0.1', '2018-10-19 17:20:50', '内网IP|0|0|内网IP|内网IP');
INSERT INTO `t_log` VALUES ('937', 'admin', '获取菜单信息', '0', 'cc.mrbird.system.controller.MenuController.index()', '', '127.0.0.1', '2018-10-19 17:20:52', '内网IP|0|0|内网IP|内网IP');
INSERT INTO `t_log` VALUES ('938', 'admin', '获取系统所有URL', '1', 'cc.mrbird.system.controller.MenuController.getAllUrl()', '', '127.0.0.1', '2018-10-19 17:20:52', '内网IP|0|0|内网IP|内网IP');
INSERT INTO `t_log` VALUES ('939', 'admin', '获取字典信息', '1', 'cc.mrbird.system.controller.DictController.index()', '', '127.0.0.1', '2018-10-19 17:21:23', '内网IP|0|0|内网IP|内网IP');
INSERT INTO `t_log` VALUES ('940', 'admin', '获取用户信息', '1', 'cc.mrbird.system.controller.UserController.userList()', 'request: \"QueryRequest{pageSize=10, pageNum=1}\"  user: \"User{userId=null, username=\'\', password=\'null\', deptId=null, deptName=\'null\', email=\'null\', mobile=\'null\', status=\'\', crateTime=null, modifyTime=null, lastLoginTime=null, ssex=\'\', theme=\'null\', avatar=\'null\', description=\'null\', roleName=\'null\'}\"', '127.0.0.1', '2018-10-19 17:21:35', '内网IP|0|0|内网IP|内网IP');
INSERT INTO `t_log` VALUES ('941', 'admin', '获取角色信息', '0', 'cc.mrbird.system.controller.RoleController.index()', '', '127.0.0.1', '2018-10-19 17:21:35', '内网IP|0|0|内网IP|内网IP');
INSERT INTO `t_log` VALUES ('942', 'admin', '获取菜单信息', '0', 'cc.mrbird.system.controller.MenuController.index()', '', '127.0.0.1', '2018-10-19 17:21:36', '内网IP|0|0|内网IP|内网IP');
INSERT INTO `t_log` VALUES ('943', 'admin', '获取系统所有URL', '1', 'cc.mrbird.system.controller.MenuController.getAllUrl()', '', '127.0.0.1', '2018-10-19 17:21:36', '内网IP|0|0|内网IP|内网IP');
INSERT INTO `t_log` VALUES ('944', 'admin', '访问系统', '0', 'cc.mrbird.system.controller.LoginController.index()', 'user: \"User{userId=167, username=\'admin\', password=\'1fedc5a36d03c185065dd2b323886aa5\', deptId=5, deptName=\'null\', email=\'\', mobile=\'\', status=\'1\', crateTime=Thu Oct 18 18:32:07 CST 2018, modifyTime=null, lastLoginTime=Fri Oct 19 17:12:26 CST 2018, ssex=\'2\', theme=\'lime\', avatar=\'20180414165855.jpg\', description=\'\', roleName=\'null\'}\"  org.springframework.validation.BindingResult.user: \"org.springframework.validation.BeanPropertyBindingResult: 0 errors\"', '127.0.0.1', '2018-10-19 17:22:35', '内网IP|0|0|内网IP|内网IP');
INSERT INTO `t_log` VALUES ('945', 'admin', '获取菜单信息', '0', 'cc.mrbird.system.controller.MenuController.index()', '', '127.0.0.1', '2018-10-19 17:22:53', '内网IP|0|0|内网IP|内网IP');
INSERT INTO `t_log` VALUES ('946', 'admin', '获取系统所有URL', '1', 'cc.mrbird.system.controller.MenuController.getAllUrl()', '', '127.0.0.1', '2018-10-19 17:22:53', '内网IP|0|0|内网IP|内网IP');
INSERT INTO `t_log` VALUES ('947', 'admin', '访问系统', '0', 'cc.mrbird.system.controller.LoginController.index()', 'user: \"User{userId=167, username=\'admin\', password=\'1fedc5a36d03c185065dd2b323886aa5\', deptId=5, deptName=\'null\', email=\'\', mobile=\'\', status=\'1\', crateTime=Thu Oct 18 18:32:07 CST 2018, modifyTime=null, lastLoginTime=Fri Oct 19 17:12:26 CST 2018, ssex=\'2\', theme=\'lime\', avatar=\'20180414165855.jpg\', description=\'\', roleName=\'null\'}\"  org.springframework.validation.BindingResult.user: \"org.springframework.validation.BeanPropertyBindingResult: 0 errors\"', '127.0.0.1', '2018-10-19 17:22:57', '内网IP|0|0|内网IP|内网IP');
INSERT INTO `t_log` VALUES ('948', 'admin', '访问系统', '0', 'cc.mrbird.system.controller.LoginController.index()', 'user: \"User{userId=167, username=\'admin\', password=\'1fedc5a36d03c185065dd2b323886aa5\', deptId=5, deptName=\'null\', email=\'\', mobile=\'\', status=\'1\', crateTime=Thu Oct 18 18:32:07 CST 2018, modifyTime=null, lastLoginTime=Fri Oct 19 17:12:26 CST 2018, ssex=\'2\', theme=\'lime\', avatar=\'20180414165855.jpg\', description=\'\', roleName=\'null\'}\"  org.springframework.validation.BindingResult.user: \"org.springframework.validation.BeanPropertyBindingResult: 0 errors\"', '127.0.0.1', '2018-10-19 17:23:01', '内网IP|0|0|内网IP|内网IP');
INSERT INTO `t_log` VALUES ('949', 'admin', '获取用户信息', '1', 'cc.mrbird.system.controller.UserController.userList()', 'request: \"QueryRequest{pageSize=10, pageNum=1}\"  user: \"User{userId=null, username=\'\', password=\'null\', deptId=null, deptName=\'null\', email=\'null\', mobile=\'null\', status=\'\', crateTime=null, modifyTime=null, lastLoginTime=null, ssex=\'\', theme=\'null\', avatar=\'null\', description=\'null\', roleName=\'null\'}\"', '127.0.0.1', '2018-10-19 17:23:05', '内网IP|0|0|内网IP|内网IP');
INSERT INTO `t_log` VALUES ('950', 'admin', '访问系统', '0', 'cc.mrbird.system.controller.LoginController.index()', 'user: \"User{userId=167, username=\'admin\', password=\'1fedc5a36d03c185065dd2b323886aa5\', deptId=5, deptName=\'null\', email=\'\', mobile=\'\', status=\'1\', crateTime=Thu Oct 18 18:32:07 CST 2018, modifyTime=null, lastLoginTime=Fri Oct 19 17:12:26 CST 2018, ssex=\'2\', theme=\'lime\', avatar=\'20180414165855.jpg\', description=\'\', roleName=\'null\'}\"  org.springframework.validation.BindingResult.user: \"org.springframework.validation.BeanPropertyBindingResult: 0 errors\"', '127.0.0.1', '2018-10-19 17:23:13', '内网IP|0|0|内网IP|内网IP');
INSERT INTO `t_log` VALUES ('951', 'admin', '获取用户信息', '1', 'cc.mrbird.system.controller.UserController.userList()', 'request: \"QueryRequest{pageSize=10, pageNum=1}\"  user: \"User{userId=null, username=\'\', password=\'null\', deptId=null, deptName=\'null\', email=\'null\', mobile=\'null\', status=\'\', crateTime=null, modifyTime=null, lastLoginTime=null, ssex=\'\', theme=\'null\', avatar=\'null\', description=\'null\', roleName=\'null\'}\"', '127.0.0.1', '2018-10-19 17:23:15', '内网IP|0|0|内网IP|内网IP');
INSERT INTO `t_log` VALUES ('952', 'admin', '访问系统', '0', 'cc.mrbird.system.controller.LoginController.index()', 'user: \"User{userId=167, username=\'admin\', password=\'1fedc5a36d03c185065dd2b323886aa5\', deptId=1, deptName=\'null\', email=\'\', mobile=\'\', status=\'1\', crateTime=Thu Oct 18 18:32:07 CST 2018, modifyTime=null, lastLoginTime=Fri Oct 19 17:18:40 CST 2018, ssex=\'2\', theme=\'lime\', avatar=\'20180414165855.jpg\', description=\'\', roleName=\'null\'}\"  org.springframework.validation.BindingResult.user: \"org.springframework.validation.BeanPropertyBindingResult: 0 errors\"', '127.0.0.1', '2018-10-19 17:25:21', '内网IP|0|0|内网IP|内网IP');
INSERT INTO `t_log` VALUES ('953', 'admin', '获取菜单信息', '0', 'cc.mrbird.system.controller.MenuController.index()', '', '127.0.0.1', '2018-10-19 17:25:25', '内网IP|0|0|内网IP|内网IP');
INSERT INTO `t_log` VALUES ('954', 'admin', '获取系统所有URL', '2', 'cc.mrbird.system.controller.MenuController.getAllUrl()', '', '127.0.0.1', '2018-10-19 17:25:25', '内网IP|0|0|内网IP|内网IP');
INSERT INTO `t_log` VALUES ('955', 'admin', '获取用户信息', '1', 'cc.mrbird.system.controller.UserController.userList()', 'request: \"QueryRequest{pageSize=10, pageNum=1}\"  user: \"User{userId=null, username=\'\', password=\'null\', deptId=null, deptName=\'null\', email=\'null\', mobile=\'null\', status=\'\', crateTime=null, modifyTime=null, lastLoginTime=null, ssex=\'\', theme=\'null\', avatar=\'null\', description=\'null\', roleName=\'null\'}\"', '127.0.0.1', '2018-10-19 17:25:27', '内网IP|0|0|内网IP|内网IP');
INSERT INTO `t_log` VALUES ('956', 'admin', '获取部门信息', '0', 'cc.mrbird.system.controller.DeptController.index()', '', '127.0.0.1', '2018-10-19 17:25:52', '内网IP|0|0|内网IP|内网IP');
INSERT INTO `t_log` VALUES ('957', 'admin', '获取角色信息', '0', 'cc.mrbird.system.controller.RoleController.index()', '', '127.0.0.1', '2018-10-19 17:25:56', '内网IP|0|0|内网IP|内网IP');
INSERT INTO `t_log` VALUES ('958', 'admin', '获取用户信息', '1', 'cc.mrbird.system.controller.UserController.userList()', 'request: \"QueryRequest{pageSize=10, pageNum=1}\"  user: \"User{userId=null, username=\'\', password=\'null\', deptId=null, deptName=\'null\', email=\'null\', mobile=\'null\', status=\'\', crateTime=null, modifyTime=null, lastLoginTime=null, ssex=\'\', theme=\'null\', avatar=\'null\', description=\'null\', roleName=\'null\'}\"', '127.0.0.1', '2018-10-19 17:25:58', '内网IP|0|0|内网IP|内网IP');
INSERT INTO `t_log` VALUES ('959', 'admin', '访问系统', '0', 'cc.mrbird.system.controller.LoginController.index()', 'user: \"User{userId=167, username=\'admin\', password=\'1fedc5a36d03c185065dd2b323886aa5\', deptId=1, deptName=\'null\', email=\'\', mobile=\'\', status=\'1\', crateTime=Thu Oct 18 18:32:07 CST 2018, modifyTime=null, lastLoginTime=Fri Oct 19 17:18:40 CST 2018, ssex=\'2\', theme=\'lime\', avatar=\'20180414165855.jpg\', description=\'\', roleName=\'null\'}\"  org.springframework.validation.BindingResult.user: \"org.springframework.validation.BeanPropertyBindingResult: 0 errors\"', '127.0.0.1', '2018-10-19 17:26:21', '内网IP|0|0|内网IP|内网IP');
INSERT INTO `t_log` VALUES ('960', 'admin', '获取用户信息', '2', 'cc.mrbird.system.controller.UserController.userList()', 'request: \"QueryRequest{pageSize=10, pageNum=1}\"  user: \"User{userId=null, username=\'\', password=\'null\', deptId=null, deptName=\'null\', email=\'null\', mobile=\'null\', status=\'\', crateTime=null, modifyTime=null, lastLoginTime=null, ssex=\'\', theme=\'null\', avatar=\'null\', description=\'null\', roleName=\'null\'}\"', '127.0.0.1', '2018-10-19 17:27:33', '内网IP|0|0|内网IP|内网IP');
INSERT INTO `t_log` VALUES ('961', 'admin', '访问系统', '0', 'cc.mrbird.system.controller.LoginController.index()', 'user: \"User{userId=167, username=\'admin\', password=\'1fedc5a36d03c185065dd2b323886aa5\', deptId=1, deptName=\'null\', email=\'\', mobile=\'\', status=\'1\', crateTime=Thu Oct 18 18:32:07 CST 2018, modifyTime=null, lastLoginTime=Fri Oct 19 17:18:40 CST 2018, ssex=\'2\', theme=\'lime\', avatar=\'20180414165855.jpg\', description=\'\', roleName=\'null\'}\"  org.springframework.validation.BindingResult.user: \"org.springframework.validation.BeanPropertyBindingResult: 0 errors\"', '127.0.0.1', '2018-10-19 17:27:36', '内网IP|0|0|内网IP|内网IP');
INSERT INTO `t_log` VALUES ('962', 'admin', '访问系统', '0', 'cc.mrbird.system.controller.LoginController.index()', 'user: \"User{userId=167, username=\'admin\', password=\'1fedc5a36d03c185065dd2b323886aa5\', deptId=1, deptName=\'null\', email=\'\', mobile=\'\', status=\'1\', crateTime=Thu Oct 18 18:32:07 CST 2018, modifyTime=null, lastLoginTime=Fri Oct 19 17:18:40 CST 2018, ssex=\'2\', theme=\'lime\', avatar=\'20180414165855.jpg\', description=\'\', roleName=\'null\'}\"  org.springframework.validation.BindingResult.user: \"org.springframework.validation.BeanPropertyBindingResult: 0 errors\"', '127.0.0.1', '2018-10-19 17:27:36', '内网IP|0|0|内网IP|内网IP');
INSERT INTO `t_log` VALUES ('963', 'admin', '获取用户信息', '2', 'cc.mrbird.system.controller.UserController.userList()', 'request: \"QueryRequest{pageSize=10, pageNum=1}\"  user: \"User{userId=null, username=\'\', password=\'null\', deptId=null, deptName=\'null\', email=\'null\', mobile=\'null\', status=\'\', crateTime=null, modifyTime=null, lastLoginTime=null, ssex=\'\', theme=\'null\', avatar=\'null\', description=\'null\', roleName=\'null\'}\"', '127.0.0.1', '2018-10-19 17:27:39', '内网IP|0|0|内网IP|内网IP');
INSERT INTO `t_log` VALUES ('964', 'admin', '获取角色信息', '0', 'cc.mrbird.system.controller.RoleController.index()', '', '127.0.0.1', '2018-10-19 17:27:46', '内网IP|0|0|内网IP|内网IP');
INSERT INTO `t_log` VALUES ('965', 'admin', '访问系统', '0', 'cc.mrbird.system.controller.LoginController.index()', 'user: \"User{userId=167, username=\'admin\', password=\'1fedc5a36d03c185065dd2b323886aa5\', deptId=1, deptName=\'null\', email=\'\', mobile=\'\', status=\'1\', crateTime=Thu Oct 18 18:32:07 CST 2018, modifyTime=null, lastLoginTime=Fri Oct 19 17:18:40 CST 2018, ssex=\'2\', theme=\'lime\', avatar=\'20180414165855.jpg\', description=\'\', roleName=\'null\'}\"  org.springframework.validation.BindingResult.user: \"org.springframework.validation.BeanPropertyBindingResult: 0 errors\"', '127.0.0.1', '2018-10-19 17:27:47', '内网IP|0|0|内网IP|内网IP');
INSERT INTO `t_log` VALUES ('966', 'admin', '获取在线用户信息', '0', 'cc.mrbird.system.controller.SessionController.online()', '', '127.0.0.1', '2018-10-19 17:27:50', '内网IP|0|0|内网IP|内网IP');
INSERT INTO `t_log` VALUES ('967', 'admin', '获取在线用户信息', '0', 'cc.mrbird.system.controller.SessionController.online()', '', '127.0.0.1', '2018-10-19 17:27:54', '内网IP|0|0|内网IP|内网IP');
INSERT INTO `t_log` VALUES ('968', 'admin', '访问系统', '0', 'cc.mrbird.system.controller.LoginController.index()', 'user: \"User{userId=167, username=\'admin\', password=\'1fedc5a36d03c185065dd2b323886aa5\', deptId=2, deptName=\'null\', email=\'1064042411@qq.com\', mobile=\'18519705965\', status=\'1\', crateTime=Thu Oct 18 18:32:07 CST 2018, modifyTime=null, lastLoginTime=Fri Oct 19 17:25:21 CST 2018, ssex=\'0\', theme=\'lime\', avatar=\'20180414165855.jpg\', description=\'我是超级管理员\', roleName=\'null\'}\"  org.springframework.validation.BindingResult.user: \"org.springframework.validation.BeanPropertyBindingResult: 0 errors\"', '127.0.0.1', '2018-10-19 17:28:08', '内网IP|0|0|内网IP|内网IP');
INSERT INTO `t_log` VALUES ('969', 'admin', '获取用户信息', '1', 'cc.mrbird.system.controller.UserController.userList()', 'request: \"QueryRequest{pageSize=10, pageNum=1}\"  user: \"User{userId=null, username=\'\', password=\'null\', deptId=null, deptName=\'null\', email=\'null\', mobile=\'null\', status=\'\', crateTime=null, modifyTime=null, lastLoginTime=null, ssex=\'\', theme=\'null\', avatar=\'null\', description=\'null\', roleName=\'null\'}\"', '127.0.0.1', '2018-10-19 17:28:10', '内网IP|0|0|内网IP|内网IP');
INSERT INTO `t_log` VALUES ('970', 'admin', '获取角色信息', '0', 'cc.mrbird.system.controller.RoleController.index()', '', '127.0.0.1', '2018-10-19 17:28:18', '内网IP|0|0|内网IP|内网IP');
INSERT INTO `t_log` VALUES ('971', 'admin', '访问系统', '0', 'cc.mrbird.system.controller.LoginController.index()', 'user: \"User{userId=167, username=\'admin\', password=\'1fedc5a36d03c185065dd2b323886aa5\', deptId=2, deptName=\'null\', email=\'1064042411@qq.com\', mobile=\'18519705965\', status=\'1\', crateTime=Thu Oct 18 18:32:07 CST 2018, modifyTime=null, lastLoginTime=Fri Oct 19 17:25:21 CST 2018, ssex=\'0\', theme=\'lime\', avatar=\'20180414165855.jpg\', description=\'我是超级管理员\', roleName=\'null\'}\"  org.springframework.validation.BindingResult.user: \"org.springframework.validation.BeanPropertyBindingResult: 0 errors\"', '127.0.0.1', '2018-10-19 17:30:41', '内网IP|0|0|内网IP|内网IP');
INSERT INTO `t_log` VALUES ('972', 'admin', '获取角色信息', '0', 'cc.mrbird.system.controller.RoleController.index()', '', '127.0.0.1', '2018-10-19 17:30:44', '内网IP|0|0|内网IP|内网IP');
INSERT INTO `t_log` VALUES ('973', 'admin', '获取用户信息', '2', 'cc.mrbird.system.controller.UserController.userList()', 'request: \"QueryRequest{pageSize=10, pageNum=1}\"  user: \"User{userId=null, username=\'\', password=\'null\', deptId=null, deptName=\'null\', email=\'null\', mobile=\'null\', status=\'\', crateTime=null, modifyTime=null, lastLoginTime=null, ssex=\'\', theme=\'null\', avatar=\'null\', description=\'null\', roleName=\'null\'}\"', '127.0.0.1', '2018-10-19 17:30:47', '内网IP|0|0|内网IP|内网IP');
INSERT INTO `t_log` VALUES ('974', 'admin', '获取菜单信息', '0', 'cc.mrbird.system.controller.MenuController.index()', '', '127.0.0.1', '2018-10-19 17:30:48', '内网IP|0|0|内网IP|内网IP');
INSERT INTO `t_log` VALUES ('975', 'admin', '获取系统所有URL', '2', 'cc.mrbird.system.controller.MenuController.getAllUrl()', '', '127.0.0.1', '2018-10-19 17:30:48', '内网IP|0|0|内网IP|内网IP');
INSERT INTO `t_log` VALUES ('976', 'admin', '访问系统', '0', 'cc.mrbird.system.controller.LoginController.index()', 'user: \"User{userId=167, username=\'admin\', password=\'1fedc5a36d03c185065dd2b323886aa5\', deptId=2, deptName=\'null\', email=\'1064042411@qq.com\', mobile=\'18519705965\', status=\'1\', crateTime=Thu Oct 18 18:32:07 CST 2018, modifyTime=null, lastLoginTime=Fri Oct 19 17:28:08 CST 2018, ssex=\'0\', theme=\'lime\', avatar=\'20180414165855.jpg\', description=\'我是超级管理员\', roleName=\'null\'}\"  org.springframework.validation.BindingResult.user: \"org.springframework.validation.BeanPropertyBindingResult: 0 errors\"', '127.0.0.1', '2018-10-19 17:31:08', '内网IP|0|0|内网IP|内网IP');
INSERT INTO `t_log` VALUES ('977', 'admin', '获取用户信息', '0', 'cc.mrbird.system.controller.UserController.userList()', 'request: \"QueryRequest{pageSize=10, pageNum=1}\"  user: \"User{userId=null, username=\'\', password=\'null\', deptId=null, deptName=\'null\', email=\'null\', mobile=\'null\', status=\'\', crateTime=null, modifyTime=null, lastLoginTime=null, ssex=\'\', theme=\'null\', avatar=\'null\', description=\'null\', roleName=\'null\'}\"', '127.0.0.1', '2018-10-19 17:31:10', '内网IP|0|0|内网IP|内网IP');
INSERT INTO `t_log` VALUES ('978', 'admin', '新增菜单/按钮', '74', 'cc.mrbird.system.controller.MenuController.addMenu()', 'menu: \"cc.mrbird.system.domain.Menu@5d8f7793\"', '127.0.0.1', '2018-10-19 17:31:24', '内网IP|0|0|内网IP|内网IP');
INSERT INTO `t_log` VALUES ('979', 'admin', '访问系统', '0', 'cc.mrbird.system.controller.LoginController.index()', 'user: \"User{userId=167, username=\'admin\', password=\'1fedc5a36d03c185065dd2b323886aa5\', deptId=2, deptName=\'null\', email=\'1064042411@qq.com\', mobile=\'18519705965\', status=\'1\', crateTime=Thu Oct 18 18:32:07 CST 2018, modifyTime=null, lastLoginTime=Fri Oct 19 17:28:08 CST 2018, ssex=\'0\', theme=\'lime\', avatar=\'20180414165855.jpg\', description=\'我是超级管理员\', roleName=\'null\'}\"  org.springframework.validation.BindingResult.user: \"org.springframework.validation.BeanPropertyBindingResult: 0 errors\"', '127.0.0.1', '2018-10-19 17:32:24', '内网IP|0|0|内网IP|内网IP');
INSERT INTO `t_log` VALUES ('980', 'admin', '获取在线用户信息', '0', 'cc.mrbird.system.controller.SessionController.online()', '', '127.0.0.1', '2018-10-19 17:32:31', '内网IP|0|0|内网IP|内网IP');
INSERT INTO `t_log` VALUES ('981', 'admin', '获取用户信息', '1', 'cc.mrbird.system.controller.UserController.userList()', 'request: \"QueryRequest{pageSize=10, pageNum=1}\"  user: \"User{userId=null, username=\'\', password=\'null\', deptId=null, deptName=\'null\', email=\'null\', mobile=\'null\', status=\'\', crateTime=null, modifyTime=null, lastLoginTime=null, ssex=\'\', theme=\'null\', avatar=\'null\', description=\'null\', roleName=\'null\'}\"', '127.0.0.1', '2018-10-19 17:32:38', '内网IP|0|0|内网IP|内网IP');
INSERT INTO `t_log` VALUES ('982', 'admin', '获取角色信息', '0', 'cc.mrbird.system.controller.RoleController.index()', '', '127.0.0.1', '2018-10-19 17:32:49', '内网IP|0|0|内网IP|内网IP');
INSERT INTO `t_log` VALUES ('983', 'admin', '获取菜单信息', '0', 'cc.mrbird.system.controller.MenuController.index()', '', '127.0.0.1', '2018-10-19 17:32:51', '内网IP|0|0|内网IP|内网IP');
INSERT INTO `t_log` VALUES ('984', 'admin', '获取系统所有URL', '2', 'cc.mrbird.system.controller.MenuController.getAllUrl()', '', '127.0.0.1', '2018-10-19 17:32:51', '内网IP|0|0|内网IP|内网IP');
INSERT INTO `t_log` VALUES ('985', 'admin', '进入游戏界面', '2', 'cc.mrbird.web.controller.GameController.index()', '', '127.0.0.1', '2018-10-19 17:32:57', '内网IP|0|0|内网IP|内网IP');
INSERT INTO `t_log` VALUES ('986', 'admin', '访问系统', '0', 'cc.mrbird.system.controller.LoginController.index()', 'user: \"User{userId=167, username=\'admin\', password=\'1fedc5a36d03c185065dd2b323886aa5\', deptId=2, deptName=\'null\', email=\'1064042411@qq.com\', mobile=\'18519705965\', status=\'1\', crateTime=Thu Oct 18 18:32:07 CST 2018, modifyTime=null, lastLoginTime=Fri Oct 19 17:28:08 CST 2018, ssex=\'0\', theme=\'lime\', avatar=\'20180414165855.jpg\', description=\'我是超级管理员\', roleName=\'null\'}\"  org.springframework.validation.BindingResult.user: \"org.springframework.validation.BeanPropertyBindingResult: 0 errors\"', '127.0.0.1', '2018-10-19 17:33:15', '内网IP|0|0|内网IP|内网IP');
INSERT INTO `t_log` VALUES ('987', 'admin', '获取部门信息', '0', 'cc.mrbird.system.controller.DeptController.index()', '', '127.0.0.1', '2018-10-19 17:33:22', '内网IP|0|0|内网IP|内网IP');
INSERT INTO `t_log` VALUES ('988', 'admin', '获取菜单信息', '0', 'cc.mrbird.system.controller.MenuController.index()', '', '127.0.0.1', '2018-10-19 17:33:22', '内网IP|0|0|内网IP|内网IP');
INSERT INTO `t_log` VALUES ('989', 'admin', '获取系统所有URL', '1', 'cc.mrbird.system.controller.MenuController.getAllUrl()', '', '127.0.0.1', '2018-10-19 17:33:23', '内网IP|0|0|内网IP|内网IP');
INSERT INTO `t_log` VALUES ('990', 'admin', '获取部门信息', '0', 'cc.mrbird.system.controller.DeptController.index()', '', '127.0.0.1', '2018-10-19 17:33:23', '内网IP|0|0|内网IP|内网IP');
INSERT INTO `t_log` VALUES ('991', 'admin', '获取用户信息', '0', 'cc.mrbird.system.controller.UserController.userList()', 'request: \"QueryRequest{pageSize=10, pageNum=1}\"  user: \"User{userId=null, username=\'\', password=\'null\', deptId=null, deptName=\'null\', email=\'null\', mobile=\'null\', status=\'\', crateTime=null, modifyTime=null, lastLoginTime=null, ssex=\'\', theme=\'null\', avatar=\'null\', description=\'null\', roleName=\'null\'}\"', '127.0.0.1', '2018-10-19 17:33:34', '内网IP|0|0|内网IP|内网IP');
INSERT INTO `t_log` VALUES ('992', 'admin', '修改用户', '20', 'cc.mrbird.system.controller.UserController.updateUser()', 'user: \"User{userId=167, username=\'null\', password=\'null\', deptId=2, deptName=\'null\', email=\'1064042411@qq.com\', mobile=\'18519705965\', status=\'1\', crateTime=null, modifyTime=Fri Oct 19 17:33:44 CST 2018, lastLoginTime=null, ssex=\'0\', theme=\'null\', avatar=\'null\', description=\'null\', roleName=\'null\'}\"  rolesSelect: \"[Ljava.lang.Long;@5b64e93f\"', '127.0.0.1', '2018-10-19 17:33:44', '内网IP|0|0|内网IP|内网IP');
INSERT INTO `t_log` VALUES ('993', 'admin', '获取用户信息', '16', 'cc.mrbird.system.controller.UserController.userList()', 'request: \"QueryRequest{pageSize=10, pageNum=1}\"  user: \"User{userId=null, username=\'\', password=\'null\', deptId=null, deptName=\'null\', email=\'null\', mobile=\'null\', status=\'\', crateTime=null, modifyTime=null, lastLoginTime=null, ssex=\'\', theme=\'null\', avatar=\'null\', description=\'null\', roleName=\'null\'}\"', '127.0.0.1', '2018-10-19 17:33:44', '内网IP|0|0|内网IP|内网IP');
INSERT INTO `t_log` VALUES ('994', 'admin', '获取字典信息', '0', 'cc.mrbird.system.controller.DictController.index()', '', '127.0.0.1', '2018-10-19 17:33:47', '内网IP|0|0|内网IP|内网IP');
INSERT INTO `t_log` VALUES ('995', 'admin', '获取部门信息', '0', 'cc.mrbird.system.controller.DeptController.index()', '', '127.0.0.1', '2018-10-19 17:33:54', '内网IP|0|0|内网IP|内网IP');
INSERT INTO `t_log` VALUES ('996', 'admin', '获取菜单信息', '0', 'cc.mrbird.system.controller.MenuController.index()', '', '127.0.0.1', '2018-10-19 17:33:55', '内网IP|0|0|内网IP|内网IP');
INSERT INTO `t_log` VALUES ('997', 'admin', '获取系统所有URL', '1', 'cc.mrbird.system.controller.MenuController.getAllUrl()', '', '127.0.0.1', '2018-10-19 17:33:55', '内网IP|0|0|内网IP|内网IP');
INSERT INTO `t_log` VALUES ('998', 'admin', '进入游戏界面', '0', 'cc.mrbird.web.controller.GameController.index()', '', '127.0.0.1', '2018-10-19 17:34:02', '内网IP|0|0|内网IP|内网IP');
INSERT INTO `t_log` VALUES ('999', 'admin', '访问系统', '0', 'cc.mrbird.system.controller.LoginController.index()', 'user: \"User{userId=167, username=\'admin\', password=\'1fedc5a36d03c185065dd2b323886aa5\', deptId=2, deptName=\'null\', email=\'1064042411@qq.com\', mobile=\'18519705965\', status=\'1\', crateTime=Thu Oct 18 18:32:07 CST 2018, modifyTime=null, lastLoginTime=Fri Oct 19 17:28:08 CST 2018, ssex=\'0\', theme=\'lime\', avatar=\'20180414165855.jpg\', description=\'我是超级管理员\', roleName=\'null\'}\"  org.springframework.validation.BindingResult.user: \"org.springframework.validation.BeanPropertyBindingResult: 0 errors\"', '127.0.0.1', '2018-10-19 17:35:58', '内网IP|0|0|内网IP|内网IP');
INSERT INTO `t_log` VALUES ('1000', 'admin', '访问系统', '0', 'cc.mrbird.system.controller.LoginController.index()', 'user: \"User{userId=167, username=\'admin\', password=\'1fedc5a36d03c185065dd2b323886aa5\', deptId=2, deptName=\'null\', email=\'1064042411@qq.com\', mobile=\'18519705965\', status=\'1\', crateTime=Thu Oct 18 18:32:07 CST 2018, modifyTime=null, lastLoginTime=Fri Oct 19 17:28:08 CST 2018, ssex=\'0\', theme=\'lime\', avatar=\'20180414165855.jpg\', description=\'我是超级管理员\', roleName=\'null\'}\"  org.springframework.validation.BindingResult.user: \"org.springframework.validation.BeanPropertyBindingResult: 0 errors\"', '127.0.0.1', '2018-10-19 17:36:04', '内网IP|0|0|内网IP|内网IP');
INSERT INTO `t_log` VALUES ('1001', 'admin', '访问系统', '7', 'cc.mrbird.system.controller.LoginController.index()', 'user: \"User{userId=167, username=\'admin\', password=\'1fedc5a36d03c185065dd2b323886aa5\', deptId=2, deptName=\'null\', email=\'1064042411@qq.com\', mobile=\'18519705965\', status=\'1\', crateTime=Thu Oct 18 18:32:07 CST 2018, modifyTime=null, lastLoginTime=Fri Oct 19 17:28:08 CST 2018, ssex=\'0\', theme=\'lime\', avatar=\'20180414165855.jpg\', description=\'我是超级管理员\', roleName=\'null\'}\"', '127.0.0.1', '2018-10-19 17:37:37', '内网IP|0|0|内网IP|内网IP');
INSERT INTO `t_log` VALUES ('1002', 'admin', '获取每日一文信息', '1', 'cc.mrbird.web.controller.ArticleController.index()', '', '127.0.0.1', '2018-10-19 17:38:29', '内网IP|0|0|内网IP|内网IP');
INSERT INTO `t_log` VALUES ('1003', 'admin', '访问系统', '8', 'cc.mrbird.system.controller.LoginController.index()', 'user: \"User{userId=167, username=\'admin\', password=\'1fedc5a36d03c185065dd2b323886aa5\', deptId=2, deptName=\'null\', email=\'1064042411@qq.com\', mobile=\'18519705965\', status=\'1\', crateTime=Thu Oct 18 18:32:07 CST 2018, modifyTime=null, lastLoginTime=Fri Oct 19 17:28:08 CST 2018, ssex=\'0\', theme=\'lime\', avatar=\'20180414165855.jpg\', description=\'我是超级管理员\', roleName=\'null\'}\"  org.springframework.validation.BindingResult.user: \"org.springframework.validation.BeanPropertyBindingResult: 0 errors\"', '127.0.0.1', '2018-10-19 17:38:54', '内网IP|0|0|内网IP|内网IP');
INSERT INTO `t_log` VALUES ('1004', 'admin', '获取每日一文信息', '2', 'cc.mrbird.web.controller.ArticleController.index()', '', '127.0.0.1', '2018-10-19 17:38:59', '内网IP|0|0|内网IP|内网IP');
INSERT INTO `t_log` VALUES ('1005', 'admin', '获取每日一文信息', '0', 'cc.mrbird.web.controller.ArticleController.index()', '', '127.0.0.1', '2018-10-19 17:39:12', '内网IP|0|0|内网IP|内网IP');
INSERT INTO `t_log` VALUES ('1006', 'admin', '获取即将上映电影信息', '4', 'cc.mrbird.web.controller.MovieController.movieComing()', '', '127.0.0.1', '2018-10-19 17:44:04', '内网IP|0|0|内网IP|内网IP');
INSERT INTO `t_log` VALUES ('1007', 'admin', '访问系统', '3', 'cc.mrbird.system.controller.LoginController.index()', 'user: \"User{userId=167, username=\'admin\', password=\'1fedc5a36d03c185065dd2b323886aa5\', deptId=2, deptName=\'null\', email=\'1064042411@qq.com\', mobile=\'18519705965\', status=\'1\', crateTime=Thu Oct 18 18:32:07 CST 2018, modifyTime=null, lastLoginTime=Fri Oct 19 17:28:08 CST 2018, ssex=\'0\', theme=\'lime\', avatar=\'20180414165855.jpg\', description=\'我是超级管理员\', roleName=\'null\'}\"', '127.0.0.1', '2018-10-19 17:44:05', '内网IP|0|0|内网IP|内网IP');
INSERT INTO `t_log` VALUES ('1008', 'admin', '进入游戏界面', '2', 'cc.mrbird.web.controller.GameController.index()', '', '127.0.0.1', '2018-10-19 17:44:11', '内网IP|0|0|内网IP|内网IP');
INSERT INTO `t_log` VALUES ('1009', 'admin', '获取热门电影信息', '0', 'cc.mrbird.web.controller.MovieController.movieHot()', '', '127.0.0.1', '2018-10-19 17:44:41', '内网IP|0|0|内网IP|内网IP');
INSERT INTO `t_log` VALUES ('1010', 'admin', '访问系统', '0', 'cc.mrbird.system.controller.LoginController.index()', 'user: \"User{userId=167, username=\'admin\', password=\'1fedc5a36d03c185065dd2b323886aa5\', deptId=2, deptName=\'null\', email=\'1064042411@qq.com\', mobile=\'18519705965\', status=\'1\', crateTime=Thu Oct 18 18:32:07 CST 2018, modifyTime=null, lastLoginTime=Fri Oct 19 17:28:08 CST 2018, ssex=\'0\', theme=\'lime\', avatar=\'20180414165855.jpg\', description=\'我是超级管理员\', roleName=\'null\'}\"  org.springframework.validation.BindingResult.user: \"org.springframework.validation.BeanPropertyBindingResult: 0 errors\"', '127.0.0.1', '2018-10-19 17:44:51', '内网IP|0|0|内网IP|内网IP');
INSERT INTO `t_log` VALUES ('1011', 'admin', '访问系统', '0', 'cc.mrbird.system.controller.LoginController.index()', 'user: \"User{userId=167, username=\'admin\', password=\'1fedc5a36d03c185065dd2b323886aa5\', deptId=2, deptName=\'null\', email=\'1064042411@qq.com\', mobile=\'18519705965\', status=\'1\', crateTime=Thu Oct 18 18:32:07 CST 2018, modifyTime=null, lastLoginTime=Fri Oct 19 17:28:08 CST 2018, ssex=\'0\', theme=\'lime\', avatar=\'20180414165855.jpg\', description=\'我是超级管理员\', roleName=\'null\'}\"  org.springframework.validation.BindingResult.user: \"org.springframework.validation.BeanPropertyBindingResult: 0 errors\"', '127.0.0.1', '2018-10-19 17:44:54', '内网IP|0|0|内网IP|内网IP');
INSERT INTO `t_log` VALUES ('1012', 'admin', '进入游戏界面', '0', 'cc.mrbird.web.controller.GameController.index()', '', '127.0.0.1', '2018-10-19 17:45:01', '内网IP|0|0|内网IP|内网IP');
INSERT INTO `t_log` VALUES ('1013', 'admin', '获取天气信息', '3', 'cc.mrbird.web.controller.WeatherController.weather()', '', '127.0.0.1', '2018-10-19 17:45:54', '内网IP|0|0|内网IP|内网IP');
INSERT INTO `t_log` VALUES ('1014', 'admin', '获取每日一文信息', '0', 'cc.mrbird.web.controller.ArticleController.index()', '', '127.0.0.1', '2018-10-19 17:45:54', '内网IP|0|0|内网IP|内网IP');
INSERT INTO `t_log` VALUES ('1015', 'admin', '访问系统', '0', 'cc.mrbird.system.controller.LoginController.index()', 'user: \"User{userId=167, username=\'admin\', password=\'1fedc5a36d03c185065dd2b323886aa5\', deptId=2, deptName=\'null\', email=\'1064042411@qq.com\', mobile=\'18519705965\', status=\'1\', crateTime=Thu Oct 18 18:32:07 CST 2018, modifyTime=null, lastLoginTime=Fri Oct 19 17:28:08 CST 2018, ssex=\'0\', theme=\'lime\', avatar=\'20180414165855.jpg\', description=\'我是超级管理员\', roleName=\'null\'}\"  org.springframework.validation.BindingResult.user: \"org.springframework.validation.BeanPropertyBindingResult: 0 errors\"', '127.0.0.1', '2018-10-19 17:48:09', '内网IP|0|0|内网IP|内网IP');
INSERT INTO `t_log` VALUES ('1016', 'admin', '进入游戏界面', '0', 'cc.mrbird.web.controller.GameController.index()', '', '127.0.0.1', '2018-10-19 17:48:14', '内网IP|0|0|内网IP|内网IP');
INSERT INTO `t_log` VALUES ('1017', 'admin', '获取天气信息', '0', 'cc.mrbird.web.controller.WeatherController.weather()', '', '127.0.0.1', '2018-10-19 17:49:45', '内网IP|0|0|内网IP|内网IP');
INSERT INTO `t_log` VALUES ('1018', 'admin', '访问系统', '6', 'cc.mrbird.system.controller.LoginController.index()', 'user: \"User{userId=167, username=\'admin\', password=\'1fedc5a36d03c185065dd2b323886aa5\', deptId=2, deptName=\'null\', email=\'1064042411@qq.com\', mobile=\'18519705965\', status=\'1\', crateTime=Thu Oct 18 18:32:07 CST 2018, modifyTime=null, lastLoginTime=Fri Oct 19 17:28:08 CST 2018, ssex=\'0\', theme=\'lime\', avatar=\'20180414165855.jpg\', description=\'我是超级管理员\', roleName=\'null\'}\"', '127.0.0.1', '2018-10-19 17:53:39', '内网IP|0|0|内网IP|内网IP');
INSERT INTO `t_log` VALUES ('1019', 'admin', '进入游戏界面', '4', 'cc.mrbird.web.controller.GameController.index()', '', '127.0.0.1', '2018-10-19 17:53:43', '内网IP|0|0|内网IP|内网IP');
INSERT INTO `t_log` VALUES ('1020', 'admin', '访问系统', '6', 'cc.mrbird.system.controller.LoginController.index()', 'user: \"User{userId=167, username=\'admin\', password=\'1fedc5a36d03c185065dd2b323886aa5\', deptId=2, deptName=\'null\', email=\'1064042411@qq.com\', mobile=\'18519705965\', status=\'1\', crateTime=Thu Oct 18 18:32:07 CST 2018, modifyTime=null, lastLoginTime=Fri Oct 19 17:28:08 CST 2018, ssex=\'0\', theme=\'lime\', avatar=\'20180414165855.jpg\', description=\'我是超级管理员\', roleName=\'null\'}\"', '127.0.0.1', '2018-10-19 17:59:12', '内网IP|0|0|内网IP|内网IP');
INSERT INTO `t_log` VALUES ('1021', 'admin', '进入游戏界面', '4', 'cc.mrbird.web.controller.GameController.index()', '', '127.0.0.1', '2018-10-19 17:59:37', '内网IP|0|0|内网IP|内网IP');
INSERT INTO `t_log` VALUES ('1022', 'admin', '访问系统', '9', 'cc.mrbird.system.controller.LoginController.index()', 'user: \"User{userId=167, username=\'admin\', password=\'1fedc5a36d03c185065dd2b323886aa5\', deptId=2, deptName=\'null\', email=\'1064042411@qq.com\', mobile=\'18519705965\', status=\'1\', crateTime=Thu Oct 18 18:32:07 CST 2018, modifyTime=null, lastLoginTime=Fri Oct 19 17:28:08 CST 2018, ssex=\'0\', theme=\'lime\', avatar=\'20180414165855.jpg\', description=\'我是超级管理员\', roleName=\'null\'}\"  org.springframework.validation.BindingResult.user: \"org.springframework.validation.BeanPropertyBindingResult: 0 errors\"', '127.0.0.1', '2018-10-19 18:01:27', '内网IP|0|0|内网IP|内网IP');
INSERT INTO `t_log` VALUES ('1023', 'admin', '进入游戏界面', '2', 'cc.mrbird.web.controller.GameController.index()', '', '127.0.0.1', '2018-10-19 18:01:31', '内网IP|0|0|内网IP|内网IP');
INSERT INTO `t_log` VALUES ('1024', 'admin', '访问系统', '1', 'cc.mrbird.system.controller.LoginController.index()', 'user: \"User{userId=167, username=\'admin\', password=\'1fedc5a36d03c185065dd2b323886aa5\', deptId=2, deptName=\'null\', email=\'1064042411@qq.com\', mobile=\'18519705965\', status=\'1\', crateTime=Thu Oct 18 18:32:07 CST 2018, modifyTime=null, lastLoginTime=Fri Oct 19 17:28:08 CST 2018, ssex=\'0\', theme=\'lime\', avatar=\'20180414165855.jpg\', description=\'我是超级管理员\', roleName=\'null\'}\"  org.springframework.validation.BindingResult.user: \"org.springframework.validation.BeanPropertyBindingResult: 0 errors\"', '127.0.0.1', '2018-10-19 18:04:22', '内网IP|0|0|内网IP|内网IP');
INSERT INTO `t_log` VALUES ('1025', 'admin', '进入游戏界面', '4', 'cc.mrbird.web.controller.GameController.index()', '', '127.0.0.1', '2018-10-19 18:04:31', '内网IP|0|0|内网IP|内网IP');
INSERT INTO `t_log` VALUES ('1026', 'admin', '访问系统', '3', 'cc.mrbird.system.controller.LoginController.index()', 'user: \"User{userId=167, username=\'admin\', password=\'1fedc5a36d03c185065dd2b323886aa5\', deptId=2, deptName=\'null\', email=\'1064042411@qq.com\', mobile=\'18519705965\', status=\'1\', crateTime=Thu Oct 18 18:32:07 CST 2018, modifyTime=Fri Oct 19 17:33:44 CST 2018, lastLoginTime=Fri Oct 19 17:31:08 CST 2018, ssex=\'0\', theme=\'lime\', avatar=\'20180414165855.jpg\', description=\'我是超级管理员\', roleName=\'null\'}\"  org.springframework.validation.BindingResult.user: \"org.springframework.validation.BeanPropertyBindingResult: 0 errors\"', '127.0.0.1', '2018-10-19 18:36:33', '内网IP|0|0|内网IP|内网IP');
INSERT INTO `t_log` VALUES ('1027', 'admin', '进入游戏界面', '3', 'cc.mrbird.web.controller.GameController.index()', '', '127.0.0.1', '2018-10-19 18:36:38', '内网IP|0|0|内网IP|内网IP');
INSERT INTO `t_log` VALUES ('1028', 'admin', '访问系统', '0', 'cc.mrbird.system.controller.LoginController.index()', 'user: \"User{userId=167, username=\'admin\', password=\'1fedc5a36d03c185065dd2b323886aa5\', deptId=2, deptName=\'null\', email=\'1064042411@qq.com\', mobile=\'18519705965\', status=\'1\', crateTime=Thu Oct 18 18:32:07 CST 2018, modifyTime=Fri Oct 19 17:33:44 CST 2018, lastLoginTime=Fri Oct 19 17:31:08 CST 2018, ssex=\'0\', theme=\'lime\', avatar=\'20180414165855.jpg\', description=\'我是超级管理员\', roleName=\'null\'}\"  org.springframework.validation.BindingResult.user: \"org.springframework.validation.BeanPropertyBindingResult: 0 errors\"', '127.0.0.1', '2018-10-19 18:41:00', '内网IP|0|0|内网IP|内网IP');
INSERT INTO `t_log` VALUES ('1029', 'admin', '进入游戏界面', '0', 'cc.mrbird.web.controller.GameController.index()', '', '127.0.0.1', '2018-10-19 18:41:08', '内网IP|0|0|内网IP|内网IP');
INSERT INTO `t_log` VALUES ('1030', 'admin', '访问系统', '1', 'cc.mrbird.system.controller.LoginController.index()', 'user: \"User{userId=167, username=\'admin\', password=\'1fedc5a36d03c185065dd2b323886aa5\', deptId=2, deptName=\'null\', email=\'1064042411@qq.com\', mobile=\'18519705965\', status=\'1\', crateTime=Thu Oct 18 18:32:07 CST 2018, modifyTime=Fri Oct 19 17:33:44 CST 2018, lastLoginTime=Fri Oct 19 17:31:08 CST 2018, ssex=\'0\', theme=\'lime\', avatar=\'20180414165855.jpg\', description=\'我是超级管理员\', roleName=\'null\'}\"  org.springframework.validation.BindingResult.user: \"org.springframework.validation.BeanPropertyBindingResult: 0 errors\"', '127.0.0.1', '2018-10-19 18:41:17', '内网IP|0|0|内网IP|内网IP');
INSERT INTO `t_log` VALUES ('1031', 'admin', '进入游戏界面', '0', 'cc.mrbird.web.controller.GameController.index()', '', '127.0.0.1', '2018-10-19 18:41:21', '内网IP|0|0|内网IP|内网IP');
INSERT INTO `t_log` VALUES ('1032', 'admin', '访问系统', '10', 'cc.mrbird.system.controller.LoginController.index()', 'user: \"User{userId=167, username=\'admin\', password=\'1fedc5a36d03c185065dd2b323886aa5\', deptId=2, deptName=\'null\', email=\'1064042411@qq.com\', mobile=\'18519705965\', status=\'1\', crateTime=Thu Oct 18 18:32:07 CST 2018, modifyTime=Fri Oct 19 17:33:44 CST 2018, lastLoginTime=Fri Oct 19 17:31:08 CST 2018, ssex=\'0\', theme=\'lime\', avatar=\'20180414165855.jpg\', description=\'我是超级管理员\', roleName=\'null\'}\"', '127.0.0.1', '2018-10-19 18:43:07', '内网IP|0|0|内网IP|内网IP');
INSERT INTO `t_log` VALUES ('1033', 'admin', '进入游戏界面', '2', 'cc.mrbird.web.controller.GameController.index()', '', '127.0.0.1', '2018-10-19 18:43:11', '内网IP|0|0|内网IP|内网IP');
INSERT INTO `t_log` VALUES ('1034', 'admin', '访问系统', '10', 'cc.mrbird.system.controller.LoginController.index()', 'user: \"User{userId=167, username=\'admin\', password=\'1fedc5a36d03c185065dd2b323886aa5\', deptId=2, deptName=\'null\', email=\'1064042411@qq.com\', mobile=\'18519705965\', status=\'1\', crateTime=Thu Oct 18 18:32:07 CST 2018, modifyTime=Fri Oct 19 17:33:44 CST 2018, lastLoginTime=Fri Oct 19 17:31:08 CST 2018, ssex=\'0\', theme=\'lime\', avatar=\'20180414165855.jpg\', description=\'我是超级管理员\', roleName=\'null\'}\"', '127.0.0.1', '2018-10-19 18:43:43', '内网IP|0|0|内网IP|内网IP');
INSERT INTO `t_log` VALUES ('1035', 'admin', '进入游戏界面', '3', 'cc.mrbird.web.controller.GameController.index()', '', '127.0.0.1', '2018-10-19 18:43:47', '内网IP|0|0|内网IP|内网IP');
INSERT INTO `t_log` VALUES ('1036', 'admin', '访问系统', '0', 'cc.mrbird.system.controller.LoginController.index()', 'user: \"User{userId=167, username=\'admin\', password=\'1fedc5a36d03c185065dd2b323886aa5\', deptId=2, deptName=\'null\', email=\'1064042411@qq.com\', mobile=\'18519705965\', status=\'1\', crateTime=Thu Oct 18 18:32:07 CST 2018, modifyTime=Fri Oct 19 17:33:44 CST 2018, lastLoginTime=Fri Oct 19 17:31:08 CST 2018, ssex=\'0\', theme=\'lime\', avatar=\'20180414165855.jpg\', description=\'我是超级管理员\', roleName=\'null\'}\"  org.springframework.validation.BindingResult.user: \"org.springframework.validation.BeanPropertyBindingResult: 0 errors\"', '127.0.0.1', '2018-10-19 18:44:04', '内网IP|0|0|内网IP|内网IP');
INSERT INTO `t_log` VALUES ('1037', 'admin', '进入游戏界面', '0', 'cc.mrbird.web.controller.GameController.index()', '', '127.0.0.1', '2018-10-19 18:44:09', '内网IP|0|0|内网IP|内网IP');
INSERT INTO `t_log` VALUES ('1038', 'admin', '访问系统', '9', 'cc.mrbird.system.controller.LoginController.index()', 'user: \"User{userId=167, username=\'admin\', password=\'1fedc5a36d03c185065dd2b323886aa5\', deptId=2, deptName=\'null\', email=\'1064042411@qq.com\', mobile=\'18519705965\', status=\'1\', crateTime=Thu Oct 18 18:32:07 CST 2018, modifyTime=Fri Oct 19 17:33:44 CST 2018, lastLoginTime=Fri Oct 19 17:31:08 CST 2018, ssex=\'0\', theme=\'lime\', avatar=\'20180414165855.jpg\', description=\'我是超级管理员\', roleName=\'null\'}\"', '127.0.0.1', '2018-10-19 18:47:05', '内网IP|0|0|内网IP|内网IP');
INSERT INTO `t_log` VALUES ('1039', 'admin', '进入游戏界面', '3', 'cc.mrbird.web.controller.GameController.index()', '', '127.0.0.1', '2018-10-19 18:47:10', '内网IP|0|0|内网IP|内网IP');
INSERT INTO `t_log` VALUES ('1040', 'admin', '获取天气信息', '3', 'cc.mrbird.web.controller.WeatherController.weather()', '', '127.0.0.1', '2018-10-19 18:47:19', '内网IP|0|0|内网IP|内网IP');
INSERT INTO `t_log` VALUES ('1041', 'admin', '获取每日一文信息', '2', 'cc.mrbird.web.controller.ArticleController.index()', '', '127.0.0.1', '2018-10-19 18:47:20', '内网IP|0|0|内网IP|内网IP');
INSERT INTO `t_log` VALUES ('1042', 'admin', '进入游戏界面', '0', 'cc.mrbird.web.controller.GameController.index()', '', '127.0.0.1', '2018-10-19 18:47:22', '内网IP|0|0|内网IP|内网IP');

-- ----------------------------
-- Table structure for t_menu
-- ----------------------------
DROP TABLE IF EXISTS `t_menu`;
CREATE TABLE `t_menu` (
  `MENU_ID` bigint(20) NOT NULL AUTO_INCREMENT COMMENT '菜单/按钮ID',
  `PARENT_ID` bigint(20) NOT NULL COMMENT '上级菜单ID',
  `MENU_NAME` varchar(50) NOT NULL COMMENT '菜单/按钮名称',
  `URL` varchar(100) DEFAULT NULL COMMENT '菜单URL',
  `PERMS` text COMMENT '权限标识',
  `ICON` varchar(50) DEFAULT NULL COMMENT '图标',
  `TYPE` char(2) NOT NULL COMMENT '类型 0菜单 1按钮',
  `ORDER_NUM` bigint(20) DEFAULT NULL COMMENT '排序',
  `CREATE_TIME` datetime NOT NULL COMMENT '创建时间',
  `MODIFY_TIME` datetime DEFAULT NULL COMMENT '修改时间',
  PRIMARY KEY (`MENU_ID`)
) ENGINE=InnoDB AUTO_INCREMENT=115 DEFAULT CHARSET=utf8;

-- ----------------------------
-- Records of t_menu
-- ----------------------------
INSERT INTO `t_menu` VALUES ('1', '0', '系统管理', null, null, 'zmdi zmdi-settings', '0', '1', '2017-12-27 16:39:07', null);
INSERT INTO `t_menu` VALUES ('2', '0', '系统监控', null, null, 'zmdi zmdi-shield-security', '0', '2', '2017-12-27 16:45:51', '2018-01-17 17:08:28');
INSERT INTO `t_menu` VALUES ('3', '1', '用户管理', 'user', 'user:list', '', '0', '1', '2017-12-27 16:47:13', '2018-04-25 09:00:01');
INSERT INTO `t_menu` VALUES ('4', '1', '角色管理', 'role', 'role:list', '', '0', '2', '2017-12-27 16:48:09', '2018-04-25 09:01:12');
INSERT INTO `t_menu` VALUES ('5', '1', '菜单管理', 'menu', 'menu:list', '', '0', '3', '2017-12-27 16:48:57', '2018-04-25 09:01:30');
INSERT INTO `t_menu` VALUES ('6', '1', '部门管理', 'dept', 'dept:list', '', '0', '4', '2017-12-27 16:57:33', '2018-04-25 09:01:40');
INSERT INTO `t_menu` VALUES ('8', '2', '在线用户', 'session', 'session:list', '', '0', '1', '2017-12-27 16:59:33', '2018-04-25 09:02:04');
INSERT INTO `t_menu` VALUES ('10', '2', '系统日志', 'log', 'log:list', '', '0', '3', '2017-12-27 17:00:50', '2018-04-25 09:02:18');
INSERT INTO `t_menu` VALUES ('11', '3', '新增用户', null, 'user:add', null, '1', null, '2017-12-27 17:02:58', null);
INSERT INTO `t_menu` VALUES ('12', '3', '修改用户', null, 'user:update', null, '1', null, '2017-12-27 17:04:07', null);
INSERT INTO `t_menu` VALUES ('13', '3', '删除用户', null, 'user:delete', null, '1', null, '2017-12-27 17:04:58', null);
INSERT INTO `t_menu` VALUES ('14', '4', '新增角色', null, 'role:add', null, '1', null, '2017-12-27 17:06:38', null);
INSERT INTO `t_menu` VALUES ('15', '4', '修改角色', null, 'role:update', null, '1', null, '2017-12-27 17:06:38', null);
INSERT INTO `t_menu` VALUES ('16', '4', '删除角色', null, 'role:delete', null, '1', null, '2017-12-27 17:06:38', null);
INSERT INTO `t_menu` VALUES ('17', '5', '新增菜单', null, 'menu:add', null, '1', null, '2017-12-27 17:08:02', null);
INSERT INTO `t_menu` VALUES ('18', '5', '修改菜单', null, 'menu:update', null, '1', null, '2017-12-27 17:08:02', null);
INSERT INTO `t_menu` VALUES ('19', '5', '删除菜单', null, 'menu:delete', null, '1', null, '2017-12-27 17:08:02', null);
INSERT INTO `t_menu` VALUES ('20', '6', '新增部门', null, 'dept:add', null, '1', null, '2017-12-27 17:09:24', null);
INSERT INTO `t_menu` VALUES ('21', '6', '修改部门', null, 'dept:update', null, '1', null, '2017-12-27 17:09:24', null);
INSERT INTO `t_menu` VALUES ('22', '6', '删除部门', null, 'dept:delete', null, '1', null, '2017-12-27 17:09:24', null);
INSERT INTO `t_menu` VALUES ('23', '8', '踢出用户', null, 'user:kickout', null, '1', null, '2017-12-27 17:11:13', null);
INSERT INTO `t_menu` VALUES ('24', '10', '删除日志', null, 'log:delete', null, '1', null, '2017-12-27 17:11:45', null);
INSERT INTO `t_menu` VALUES ('58', '0', '网络资源', null, null, 'zmdi zmdi-globe-alt', '0', null, '2018-01-12 15:28:48', '2018-01-22 19:49:26');
INSERT INTO `t_menu` VALUES ('59', '58', '天气查询', 'weather', 'weather:list', '', '0', null, '2018-01-12 15:40:02', '2018-04-25 09:02:57');
INSERT INTO `t_menu` VALUES ('60', '58', '3D游戏', 'game', null, null, '0', null, '2018-10-19 17:16:46', '2018-10-19 17:16:50');
INSERT INTO `t_menu` VALUES ('61', '58', '每日一文', 'article', 'article:list', '', '0', null, '2018-01-15 17:17:14', '2018-04-25 09:03:08');
INSERT INTO `t_menu` VALUES ('64', '1', '字典管理', 'dict', 'dict:list', '', '0', null, '2018-01-18 10:38:25', '2018-04-25 09:01:50');
INSERT INTO `t_menu` VALUES ('65', '64', '新增字典', null, 'dict:add', null, '1', null, '2018-01-18 19:10:08', null);
INSERT INTO `t_menu` VALUES ('66', '64', '修改字典', null, 'dict:update', null, '1', null, '2018-01-18 19:10:27', null);
INSERT INTO `t_menu` VALUES ('67', '64', '删除字典', null, 'dict:delete', null, '1', null, '2018-01-18 19:10:47', null);
INSERT INTO `t_menu` VALUES ('81', '58', '影视资讯', null, null, null, '0', null, '2018-01-22 14:12:59', null);
INSERT INTO `t_menu` VALUES ('82', '81', '正在热映', 'movie/hot', 'movie:hot', '', '0', null, '2018-01-22 14:13:47', '2018-04-25 09:03:48');
INSERT INTO `t_menu` VALUES ('83', '81', '即将上映', 'movie/coming', 'movie:coming', '', '0', null, '2018-01-22 14:14:36', '2018-04-25 09:04:05');
INSERT INTO `t_menu` VALUES ('86', '58', 'One 一个', null, null, null, '0', null, '2018-01-26 09:42:41', '2018-01-26 09:43:46');
INSERT INTO `t_menu` VALUES ('87', '86', '绘画', 'one/painting', 'one:painting', '', '0', null, '2018-01-26 09:47:14', '2018-04-25 09:04:17');
INSERT INTO `t_menu` VALUES ('88', '86', '语文', 'one/yuwen', 'one:yuwen', '', '0', null, '2018-01-26 09:47:40', '2018-04-25 09:04:30');
INSERT INTO `t_menu` VALUES ('89', '86', '散文', 'one/essay', 'one:essay', '', '0', null, '2018-01-26 09:48:05', '2018-04-25 09:04:42');
INSERT INTO `t_menu` VALUES ('101', '0', '任务调度', null, null, 'zmdi zmdi-alarm', '0', null, '2018-02-24 15:52:57', null);
INSERT INTO `t_menu` VALUES ('102', '101', '定时任务', 'job', 'job:list', '', '0', null, '2018-02-24 15:53:53', '2018-04-25 09:05:12');
INSERT INTO `t_menu` VALUES ('103', '102', '新增任务', null, 'job:add', null, '1', null, '2018-02-24 15:55:10', null);
INSERT INTO `t_menu` VALUES ('104', '102', '修改任务', null, 'job:update', null, '1', null, '2018-02-24 15:55:53', null);
INSERT INTO `t_menu` VALUES ('105', '102', '删除任务', null, 'job:delete', null, '1', null, '2018-02-24 15:56:18', null);
INSERT INTO `t_menu` VALUES ('106', '102', '暂停任务', null, 'job:pause', null, '1', null, '2018-02-24 15:57:08', null);
INSERT INTO `t_menu` VALUES ('107', '102', '恢复任务', null, 'job:resume', null, '1', null, '2018-02-24 15:58:21', null);
INSERT INTO `t_menu` VALUES ('108', '102', '立即执行任务', null, 'job:run', null, '1', null, '2018-02-24 15:59:45', null);
INSERT INTO `t_menu` VALUES ('109', '101', '调度日志', 'jobLog', 'jobLog:list', '', '0', null, '2018-02-24 16:00:45', '2018-04-25 09:05:25');
INSERT INTO `t_menu` VALUES ('110', '109', '删除日志', null, 'jobLog:delete', null, '1', null, '2018-02-24 16:01:21', null);
INSERT INTO `t_menu` VALUES ('113', '2', 'Redis监控', 'redis/info', 'redis:list', '', '0', null, '2018-06-28 14:29:42', null);
INSERT INTO `t_menu` VALUES ('114', '2', 'Redis终端', 'redis/terminal', 'redis:terminal', '', '0', null, '2018-06-28 15:35:21', null);

-- ----------------------------
-- Table structure for t_role
-- ----------------------------
DROP TABLE IF EXISTS `t_role`;
CREATE TABLE `t_role` (
  `ROLE_ID` bigint(20) NOT NULL AUTO_INCREMENT COMMENT '角色ID',
  `ROLE_NAME` varchar(100) NOT NULL COMMENT '角色名称',
  `REMARK` varchar(100) DEFAULT NULL COMMENT '角色描述',
  `CREATE_TIME` datetime NOT NULL COMMENT '创建时间',
  `MODIFY_TIME` datetime DEFAULT NULL COMMENT '修改时间',
  PRIMARY KEY (`ROLE_ID`)
) ENGINE=InnoDB AUTO_INCREMENT=66 DEFAULT CHARSET=utf8;

-- ----------------------------
-- Records of t_role
-- ----------------------------
INSERT INTO `t_role` VALUES ('1', '管理员', '管理员', '2017-12-27 16:23:11', '2018-02-24 16:01:45');
INSERT INTO `t_role` VALUES ('2', '测试账号', '测试账号', '2017-12-27 16:25:09', '2018-01-23 09:11:11');
INSERT INTO `t_role` VALUES ('3', '注册账户', '注册账户，只可查看，不可操作', '2017-12-29 16:00:15', '2018-02-24 17:33:45');
INSERT INTO `t_role` VALUES ('23', '用户管理员', '负责用户的增删改操作', '2018-01-09 15:32:41', null);
INSERT INTO `t_role` VALUES ('24', '系统监控员', '可查看系统监控信息，但不可操作', '2018-01-09 15:52:01', '2018-03-07 19:05:33');
INSERT INTO `t_role` VALUES ('25', '用户查看', '查看用户，无相应操作权限', '2018-01-09 15:56:30', null);
INSERT INTO `t_role` VALUES ('63', '影院工作者', '可查看影视信息', '2018-02-06 08:48:28', '2018-03-07 19:05:26');
INSERT INTO `t_role` VALUES ('64', '天气预报员', '可查看天气预报信息', '2018-02-27 08:47:04', null);
INSERT INTO `t_role` VALUES ('65', '文章审核', '文章类', '2018-02-27 08:48:01', '2018-03-13 11:20:34');

-- ----------------------------
-- Table structure for t_role_menu
-- ----------------------------
DROP TABLE IF EXISTS `t_role_menu`;
CREATE TABLE `t_role_menu` (
  `ROLE_ID` bigint(20) NOT NULL COMMENT '角色ID',
  `MENU_ID` bigint(20) NOT NULL COMMENT '菜单/按钮ID'
) ENGINE=InnoDB DEFAULT CHARSET=utf8;

-- ----------------------------
-- Records of t_role_menu
-- ----------------------------
INSERT INTO `t_role_menu` VALUES ('3', '58');
INSERT INTO `t_role_menu` VALUES ('3', '59');
INSERT INTO `t_role_menu` VALUES ('3', '61');
INSERT INTO `t_role_menu` VALUES ('3', '81');
INSERT INTO `t_role_menu` VALUES ('3', '82');
INSERT INTO `t_role_menu` VALUES ('3', '83');
INSERT INTO `t_role_menu` VALUES ('3', '86');
INSERT INTO `t_role_menu` VALUES ('3', '87');
INSERT INTO `t_role_menu` VALUES ('3', '88');
INSERT INTO `t_role_menu` VALUES ('3', '89');
INSERT INTO `t_role_menu` VALUES ('3', '1');
INSERT INTO `t_role_menu` VALUES ('3', '3');
INSERT INTO `t_role_menu` VALUES ('3', '4');
INSERT INTO `t_role_menu` VALUES ('3', '5');
INSERT INTO `t_role_menu` VALUES ('3', '6');
INSERT INTO `t_role_menu` VALUES ('3', '64');
INSERT INTO `t_role_menu` VALUES ('3', '2');
INSERT INTO `t_role_menu` VALUES ('3', '8');
INSERT INTO `t_role_menu` VALUES ('3', '10');
INSERT INTO `t_role_menu` VALUES ('3', '101');
INSERT INTO `t_role_menu` VALUES ('3', '102');
INSERT INTO `t_role_menu` VALUES ('3', '109');
INSERT INTO `t_role_menu` VALUES ('63', '58');
INSERT INTO `t_role_menu` VALUES ('63', '81');
INSERT INTO `t_role_menu` VALUES ('63', '82');
INSERT INTO `t_role_menu` VALUES ('63', '83');
INSERT INTO `t_role_menu` VALUES ('24', '8');
INSERT INTO `t_role_menu` VALUES ('24', '2');
INSERT INTO `t_role_menu` VALUES ('24', '10');
INSERT INTO `t_role_menu` VALUES ('65', '86');
INSERT INTO `t_role_menu` VALUES ('65', '88');
INSERT INTO `t_role_menu` VALUES ('65', '89');
INSERT INTO `t_role_menu` VALUES ('65', '58');
INSERT INTO `t_role_menu` VALUES ('65', '61');
INSERT INTO `t_role_menu` VALUES ('2', '81');
INSERT INTO `t_role_menu` VALUES ('2', '61');
INSERT INTO `t_role_menu` VALUES ('2', '24');
INSERT INTO `t_role_menu` VALUES ('2', '82');
INSERT INTO `t_role_menu` VALUES ('2', '83');
INSERT INTO `t_role_menu` VALUES ('2', '58');
INSERT INTO `t_role_menu` VALUES ('2', '59');
INSERT INTO `t_role_menu` VALUES ('2', '2');
INSERT INTO `t_role_menu` VALUES ('2', '8');
INSERT INTO `t_role_menu` VALUES ('2', '10');
INSERT INTO `t_role_menu` VALUES ('23', '11');
INSERT INTO `t_role_menu` VALUES ('23', '12');
INSERT INTO `t_role_menu` VALUES ('23', '13');
INSERT INTO `t_role_menu` VALUES ('23', '3');
INSERT INTO `t_role_menu` VALUES ('23', '1');
INSERT INTO `t_role_menu` VALUES ('25', '1');
INSERT INTO `t_role_menu` VALUES ('25', '3');
INSERT INTO `t_role_menu` VALUES ('1', '59');
INSERT INTO `t_role_menu` VALUES ('1', '2');
INSERT INTO `t_role_menu` VALUES ('1', '3');
INSERT INTO `t_role_menu` VALUES ('1', '67');
INSERT INTO `t_role_menu` VALUES ('1', '1');
INSERT INTO `t_role_menu` VALUES ('1', '4');
INSERT INTO `t_role_menu` VALUES ('1', '5');
INSERT INTO `t_role_menu` VALUES ('1', '6');
INSERT INTO `t_role_menu` VALUES ('1', '20');
INSERT INTO `t_role_menu` VALUES ('1', '21');
INSERT INTO `t_role_menu` VALUES ('1', '22');
INSERT INTO `t_role_menu` VALUES ('1', '10');
INSERT INTO `t_role_menu` VALUES ('1', '8');
INSERT INTO `t_role_menu` VALUES ('1', '58');
INSERT INTO `t_role_menu` VALUES ('1', '66');
INSERT INTO `t_role_menu` VALUES ('1', '11');
INSERT INTO `t_role_menu` VALUES ('1', '12');
INSERT INTO `t_role_menu` VALUES ('1', '64');
INSERT INTO `t_role_menu` VALUES ('1', '13');
INSERT INTO `t_role_menu` VALUES ('1', '14');
INSERT INTO `t_role_menu` VALUES ('1', '65');
INSERT INTO `t_role_menu` VALUES ('1', '15');
INSERT INTO `t_role_menu` VALUES ('1', '16');
INSERT INTO `t_role_menu` VALUES ('1', '17');
INSERT INTO `t_role_menu` VALUES ('1', '18');
INSERT INTO `t_role_menu` VALUES ('1', '23');
INSERT INTO `t_role_menu` VALUES ('1', '81');
INSERT INTO `t_role_menu` VALUES ('1', '82');
INSERT INTO `t_role_menu` VALUES ('1', '83');
INSERT INTO `t_role_menu` VALUES ('1', '19');
INSERT INTO `t_role_menu` VALUES ('1', '24');
INSERT INTO `t_role_menu` VALUES ('1', '61');
INSERT INTO `t_role_menu` VALUES ('1', '86');
INSERT INTO `t_role_menu` VALUES ('1', '87');
INSERT INTO `t_role_menu` VALUES ('1', '88');
INSERT INTO `t_role_menu` VALUES ('1', '89');
INSERT INTO `t_role_menu` VALUES ('1', '101');
INSERT INTO `t_role_menu` VALUES ('1', '102');
INSERT INTO `t_role_menu` VALUES ('1', '103');
INSERT INTO `t_role_menu` VALUES ('1', '104');
INSERT INTO `t_role_menu` VALUES ('1', '105');
INSERT INTO `t_role_menu` VALUES ('1', '106');
INSERT INTO `t_role_menu` VALUES ('1', '107');
INSERT INTO `t_role_menu` VALUES ('1', '108');
INSERT INTO `t_role_menu` VALUES ('1', '109');
INSERT INTO `t_role_menu` VALUES ('1', '110');
INSERT INTO `t_role_menu` VALUES ('64', '59');
INSERT INTO `t_role_menu` VALUES ('64', '58');
INSERT INTO `t_role_menu` VALUES ('1', '113');
INSERT INTO `t_role_menu` VALUES ('1', '114');
INSERT INTO `t_role_menu` VALUES ('1', '60');

-- ----------------------------
-- Table structure for t_user
-- ----------------------------
DROP TABLE IF EXISTS `t_user`;
CREATE TABLE `t_user` (
  `USER_ID` bigint(20) NOT NULL AUTO_INCREMENT COMMENT '用户ID',
  `USERNAME` varchar(50) NOT NULL COMMENT '用户名',
  `PASSWORD` varchar(128) NOT NULL COMMENT '密码',
  `DEPT_ID` bigint(20) DEFAULT NULL COMMENT '部门ID',
  `EMAIL` varchar(128) DEFAULT NULL COMMENT '邮箱',
  `MOBILE` varchar(20) DEFAULT NULL COMMENT '联系电话',
  `STATUS` char(1) NOT NULL COMMENT '状态 0锁定 1有效',
  `CRATE_TIME` datetime NOT NULL COMMENT '创建时间',
  `MODIFY_TIME` datetime DEFAULT NULL COMMENT '修改时间',
  `LAST_LOGIN_TIME` datetime DEFAULT NULL COMMENT '最近访问时间',
  `SSEX` char(1) DEFAULT NULL COMMENT '性别 0男 1女',
  `THEME` varchar(10) DEFAULT NULL COMMENT '主题',
  `AVATAR` varchar(100) DEFAULT NULL COMMENT '头像',
  `DESCRIPTION` varchar(100) DEFAULT NULL COMMENT '描述',
  PRIMARY KEY (`USER_ID`)
) ENGINE=InnoDB AUTO_INCREMENT=168 DEFAULT CHARSET=utf8;

-- ----------------------------
-- Records of t_user
-- ----------------------------
INSERT INTO `t_user` VALUES ('4', 'MrBird', '42ee25d1e43e9f57119a00d0a39e5250', '5', 'mrbird@hotmail.com', '13455533222', '1', '2017-12-27 15:47:19', '2018-03-21 09:05:12', '2018-04-02 17:29:32', '0', 'green', 'default.jpg', '我是作者。');
INSERT INTO `t_user` VALUES ('6', 'tester', '243e29429b340192700677d48c09d992', '6', 'tester@qq.com', '13888888888', '1', '2017-12-27 17:35:14', '2018-03-27 09:21:08', '2018-01-23 09:17:27', '1', 'teal', 'default.jpg', null);
INSERT INTO `t_user` VALUES ('23', 'scott', 'ac3af72d9f95161a502fd326865c2f15', '6', 'scott@qq.com', '15134627380', '1', '2017-12-29 16:16:39', '2018-03-29 16:18:36', '2018-03-20 17:59:04', '0', 'blue-grey', 'default.jpg', '我是scott，嗯嗯');
INSERT INTO `t_user` VALUES ('24', 'smith', '228208eafc74e48c44619cc543fc0efe', '3', 'smith@qq.com', '13364754932', '1', '2017-12-29 16:21:31', '2018-02-27 08:48:16', '2018-02-27 08:48:27', '1', 'teal', 'default.jpg', null);
INSERT INTO `t_user` VALUES ('25', 'allen', '83baac97928a113986054efacaeec1d2', '3', 'allen@qq.com', '13427374857', '0', '2017-12-29 16:21:54', '2018-01-17 11:28:16', null, '1', 'indigo', 'default.jpg', null);
INSERT INTO `t_user` VALUES ('26', 'martin', 'b26c9edca9a61016bca1f6fb042e679e', '4', 'martin@qq.com', '15562736678', '1', '2017-12-29 16:22:24', '2018-01-25 09:23:15', '2018-01-25 17:24:50', '1', 'teal', 'default.jpg', null);
INSERT INTO `t_user` VALUES ('27', 'ford', '0448f0dcfd856b0e831842072b532141', '6', 'ford@qq.com', '15599998373', '0', '2017-12-29 16:22:52', '2018-03-13 11:19:56', '2018-03-08 16:31:59', '0', 'cyan', 'default.jpg', null);
INSERT INTO `t_user` VALUES ('91', '系统监控员', '7c28d1cd33414ac15832f7be92668b7a', '6', 'xtjk@qq.com', '18088736652', '1', '2018-01-09 15:52:56', null, '2018-01-09 15:53:12', '0', 'cyan', 'default.jpg', null);
INSERT INTO `t_user` VALUES ('167', 'admin', '1fedc5a36d03c185065dd2b323886aa5', '2', '1064042411@qq.com', '18519705965', '1', '2018-10-18 18:32:07', '2018-10-19 17:33:44', '2018-10-19 18:36:33', '0', 'lime', '20180414165855.jpg', '我是超级管理员');

-- ----------------------------
-- Table structure for t_user_role
-- ----------------------------
DROP TABLE IF EXISTS `t_user_role`;
CREATE TABLE `t_user_role` (
  `USER_ID` bigint(20) NOT NULL COMMENT '用户ID',
  `ROLE_ID` bigint(20) NOT NULL COMMENT '角色ID'
) ENGINE=InnoDB DEFAULT CHARSET=utf8;

-- ----------------------------
-- Records of t_user_role
-- ----------------------------
INSERT INTO `t_user_role` VALUES ('27', '3');
INSERT INTO `t_user_role` VALUES ('24', '65');
INSERT INTO `t_user_role` VALUES ('26', '3');
INSERT INTO `t_user_role` VALUES ('26', '23');
INSERT INTO `t_user_role` VALUES ('26', '24');
INSERT INTO `t_user_role` VALUES ('25', '3');
INSERT INTO `t_user_role` VALUES ('91', '24');
INSERT INTO `t_user_role` VALUES ('4', '1');
INSERT INTO `t_user_role` VALUES ('6', '1');
INSERT INTO `t_user_role` VALUES ('6', '2');
INSERT INTO `t_user_role` VALUES ('6', '3');
INSERT INTO `t_user_role` VALUES ('6', '25');
INSERT INTO `t_user_role` VALUES ('6', '63');
INSERT INTO `t_user_role` VALUES ('23', '2');
INSERT INTO `t_user_role` VALUES ('23', '3');
INSERT INTO `t_user_role` VALUES ('23', '23');
INSERT INTO `t_user_role` VALUES ('23', '24');
INSERT INTO `t_user_role` VALUES ('23', '25');
INSERT INTO `t_user_role` VALUES ('167', '1');
